{
    "article-level-annotations": {
        "author_feeling_House_Democrats": "neu",
        "author_feeling_Nancy_Pelosi": "neg",
        "author_feeling_main_event": "neg",
        "notes": "",
        "relative_stance": "conservative",
        "you_feeling_House_Democrats": "neu",
        "you_feeling_Nancy_Pelosi": "neu"
    },
    "pair-uuid": "79bf99c6-6fca-4ce4-8ae1-8771de026142",
    "phrase-level-annotations": [
        {
            "aim": "dir",
            "bias": "inf",
            "end": 173,
            "id": "p1",
            "indirect-ally-opponent-sentiment": "",
            "indirect-target-name": "",
            "notes": "",
            "polarity": "neg",
            "quote": "no",
            "speaker": "",
            "start": 0,
            "target": "Nancy_Pelosi",
            "txt": "But more than 60 Democrats voted against her \u2015 a stunning level of dissent at a time when the party is trying to pick up the pieces after a disastrous presidential election."
        },
        {
            "aim": "dir",
            "bias": "lex",
            "end": 36,
            "id": "p3",
            "indirect-ally-opponent-sentiment": "",
            "indirect-target-name": "",
            "notes": "",
            "polarity": "neg",
            "quote": "no",
            "speaker": "",
            "start": 28,
            "target": "Nancy_Pelosi",
            "txt": "(barely)"
        },
        {
            "aim": "dir",
            "bias": "inf",
            "end": 90,
            "id": "p4",
            "indirect-ally-opponent-sentiment": "",
            "indirect-target-name": "",
            "notes": "",
            "polarity": "neg",
            "quote": "no",
            "speaker": "",
            "start": 78,
            "target": "Nancy_Pelosi",
            "txt": "That\u2019s a lot"
        },
        {
            "aim": "dir",
            "bias": "inf",
            "end": 115,
            "id": "p5",
            "indirect-ally-opponent-sentiment": "",
            "indirect-target-name": "",
            "notes": "implies they can't speak freely",
            "polarity": "neg",
            "quote": "no",
            "speaker": "",
            "start": 67,
            "target": "Nancy_Pelosi",
            "txt": "who requested anonymity in order to speak freely"
        },
        {
            "aim": "dir",
            "bias": "inf",
            "end": 78,
            "id": "p11",
            "indirect-ally-opponent-sentiment": "",
            "indirect-target-name": "",
            "notes": "",
            "polarity": "neg",
            "quote": "no",
            "speaker": "",
            "start": 55,
            "target": "House_Democrats",
            "txt": "far fewer than expected"
        },
        {
            "aim": "dir",
            "bias": "inf",
            "end": 96,
            "id": "p30",
            "indirect-ally-opponent-sentiment": "",
            "indirect-target-name": "",
            "notes": "",
            "polarity": "pos",
            "quote": "yes",
            "speaker": "other_pro",
            "start": 0,
            "target": "Nancy_Pelosi",
            "txt": "No one is a better tactician than Nancy Pelosi. No one does it better. No one even comes close.\u201d"
        },
        {
            "aim": "dir",
            "bias": "lex",
            "end": 56,
            "id": "p33",
            "indirect-ally-opponent-sentiment": "",
            "indirect-target-name": "",
            "notes": "",
            "polarity": "neg",
            "quote": "no",
            "speaker": "",
            "start": 41,
            "target": "Nancy_Pelosi",
            "txt": "or lack thereof"
        },
        {
            "aim": "dir",
            "bias": "inf",
            "end": 71,
            "id": "p10",
            "indirect-ally-opponent-sentiment": "",
            "indirect-target-name": "",
            "notes": "",
            "polarity": "neg",
            "quote": "no",
            "speaker": "",
            "start": 0,
            "target": "House_Democrats",
            "txt": "House Democrats have also lost nearly 60 seats over the past six years."
        },
        {
            "aim": "dir",
            "bias": "inf",
            "end": 75,
            "id": "p6",
            "indirect-ally-opponent-sentiment": "",
            "indirect-target-name": "",
            "notes": "",
            "polarity": "neg",
            "quote": "yes",
            "speaker": "other_anti",
            "start": 0,
            "target": "House_Democrats",
            "txt": "\u201cI\u2019m astounded that this caucus refuses to acknowledge reality and change.\u201d"
        },
        {
            "aim": "dir",
            "bias": "inf",
            "end": 290,
            "id": "p12",
            "indirect-ally-opponent-sentiment": "",
            "indirect-target-name": "",
            "notes": "",
            "polarity": "pos",
            "quote": "no",
            "speaker": "",
            "start": 0,
            "target": "Nancy_Pelosi",
            "txt": "Pelosi\u2019s supporters said her experience is what the party needs now more than ever, going up against President-elect Donald Trump and a GOP-controlled Congress: She\u2019s battle-tested, she\u2019s a prolific fundraiser and she knows better than anyone how to count votes and keep her party together."
        },
        {
            "aim": "dir",
            "bias": "inf",
            "end": 35,
            "id": "p19",
            "indirect-ally-opponent-sentiment": "",
            "indirect-target-name": "",
            "notes": "",
            "polarity": "pos",
            "quote": "yes",
            "speaker": "Nancy_Pelosi",
            "start": 0,
            "target": "Nancy_Pelosi",
            "txt": "It\u2019s about the character of America"
        },
        {
            "aim": "dir",
            "bias": "inf",
            "end": 99,
            "id": "p34",
            "indirect-ally-opponent-sentiment": "",
            "indirect-target-name": "",
            "notes": "",
            "polarity": "neg",
            "quote": "no",
            "speaker": "",
            "start": 8,
            "target": "Nancy_Pelosi",
            "txt": "the California progressive has lost the connection with working-class people in the Midwest"
        },
        {
            "aim": "dir",
            "bias": "inf",
            "end": 34,
            "id": "p36",
            "indirect-ally-opponent-sentiment": "",
            "indirect-target-name": "",
            "notes": "",
            "polarity": "neg",
            "quote": "yes",
            "speaker": "other_anti",
            "start": 0,
            "target": "House_Democrats",
            "txt": "\u201cThat just makes my stomach sick.\u201d"
        },
        {
            "aim": "dir",
            "bias": "inf",
            "end": 141,
            "id": "p39",
            "indirect-ally-opponent-sentiment": "",
            "indirect-target-name": "",
            "notes": "",
            "polarity": "pos",
            "quote": "yes",
            "speaker": "Nancy_Pelosi",
            "start": 0,
            "target": "Nancy_Pelosi",
            "txt": "\u201cI have strong support from our friends in the unions, including steelworkers, which I guess are his area ... I\u2019m a woman of steel in there.\u201d"
        }
    ],
    "uuid": "4099d293-cda6-4ef6-99de-b95fe7e21a10"
}