{
    "article-level-annotations": {
        "author_feeling_House_Democrats": "neu",
        "author_feeling_Nancy_Pelosi": "neg",
        "author_feeling_main_event": "neu",
        "notes": "",
        "relative_stance": "center",
        "you_feeling_House_Democrats": "sli-pos",
        "you_feeling_Nancy_Pelosi": "sli-pos"
    },
    "pair-uuid": "79bf99c6-6fca-4ce4-8ae1-8771de026142",
    "phrase-level-annotations": [
        {
            "aim": "dir",
            "bias": "inf",
            "end": 116,
            "id": "p0",
            "indirect-ally-opponent-sentiment": "",
            "indirect-target-name": "",
            "notes": "",
            "polarity": "neg",
            "quote": "no",
            "speaker": "",
            "start": 42,
            "target": "House_Democrats",
            "txt": "rejected appeals that they need new leaders to win back disaffected voters"
        },
        {
            "aim": "dir",
            "bias": "lex",
            "end": 85,
            "id": "p2",
            "indirect-ally-opponent-sentiment": "",
            "indirect-target-name": "",
            "notes": "",
            "polarity": "neg",
            "quote": "no",
            "speaker": "",
            "start": 74,
            "target": "House_Democrats",
            "txt": "stamped out"
        },
        {
            "aim": "dir",
            "bias": "inf",
            "end": 179,
            "id": "p3",
            "indirect-ally-opponent-sentiment": "",
            "indirect-target-name": "",
            "notes": "",
            "polarity": "neg",
            "quote": "no",
            "speaker": "",
            "start": 89,
            "target": "Nancy_Pelosi",
            "txt": "a measure of internal discontent and in some ways a repudiation of Ms. Pelosi\u2019s leadership"
        },
        {
            "aim": "dir",
            "bias": "lex",
            "end": 49,
            "id": "p19",
            "indirect-ally-opponent-sentiment": "",
            "indirect-target-name": "",
            "notes": "",
            "polarity": "neg",
            "quote": "yes",
            "speaker": "other_pro",
            "start": 44,
            "target": "House_Democrats",
            "txt": "toxic"
        },
        {
            "aim": "dir",
            "bias": "inf",
            "end": 36,
            "id": "p32",
            "indirect-ally-opponent-sentiment": "",
            "indirect-target-name": "",
            "notes": "",
            "polarity": "neg",
            "quote": "no",
            "speaker": "",
            "start": 0,
            "target": "Nancy_Pelosi",
            "txt": "Trying to quell calls to replace her"
        },
        {
            "aim": "dir",
            "bias": "inf",
            "end": 91,
            "id": "p34",
            "indirect-ally-opponent-sentiment": "",
            "indirect-target-name": "",
            "notes": "",
            "polarity": "neg",
            "quote": "no",
            "speaker": "",
            "start": 48,
            "target": "Nancy_Pelosi",
            "txt": "Ms. Pelosi refuses to relinquish much power"
        },
        {
            "aim": "dir",
            "bias": "inf",
            "end": 95,
            "id": "p6",
            "indirect-ally-opponent-sentiment": "",
            "indirect-target-name": "",
            "notes": "",
            "polarity": "pos",
            "quote": "no",
            "speaker": "",
            "start": 0,
            "target": "Nancy_Pelosi",
            "txt": "For years, support for Ms. Pelosi has run so deep that few would even consider challenging her."
        },
        {
            "aim": "dir",
            "bias": "inf",
            "end": 106,
            "id": "p13",
            "indirect-ally-opponent-sentiment": "",
            "indirect-target-name": "",
            "notes": "",
            "polarity": "neg",
            "quote": "yes",
            "speaker": "House_Democrats",
            "start": 0,
            "target": "Nancy_Pelosi",
            "txt": "\u201cI\u2019m very worried we just signed the Democratic Party\u2019s death certificate for the next decade and a half,\u201d"
        },
        {
            "aim": "dir",
            "bias": "inf",
            "end": 30,
            "id": "p37",
            "indirect-ally-opponent-sentiment": "",
            "indirect-target-name": "",
            "notes": "",
            "polarity": "pos",
            "quote": "yes",
            "speaker": "House_Democrats",
            "start": 0,
            "target": "Nancy_Pelosi",
            "txt": "\u201cThis is her caucus, clearly.\u201d"
        }
    ],
    "uuid": "80ed11ba-3e7c-444a-ace8-79869c77bc27"
}