{
    "article-level-annotations": {
        "author_feeling_Paul_LePage": "neg",
        "author_feeling_main_event": "neg",
        "notes": "",
        "relative_stance": "liberal",
        "you_feeling_Paul_LePage": "neu"
    },
    "pair-uuid": "7a97de89-1433-46f7-bcc2-f80b041cb9a0",
    "phrase-level-annotations": [
        {
            "aim": "dir",
            "bias": "inf",
            "end": 202,
            "id": "p5",
            "indirect-ally-opponent-sentiment": "",
            "indirect-target-name": "",
            "notes": "",
            "polarity": "neg",
            "quote": "no",
            "speaker": "",
            "start": 156,
            "target": "Paul_LePage",
            "txt": "the latest controversy to hang over his office"
        },
        {
            "aim": "dir",
            "bias": "inf",
            "end": 165,
            "id": "p6",
            "indirect-ally-opponent-sentiment": "",
            "indirect-target-name": "",
            "notes": "",
            "polarity": "neg",
            "quote": "no",
            "speaker": "",
            "start": 0,
            "target": "Paul_LePage",
            "txt": "Earlier, the Republican governor had refused to apologize for the message, even saying at press conference he wished it was 1825 so he could shoot Gattine in a duel."
        },
        {
            "aim": "dir",
            "bias": "inf",
            "end": 75,
            "id": "p21",
            "indirect-ally-opponent-sentiment": "",
            "indirect-target-name": "",
            "notes": "",
            "polarity": "neg",
            "quote": "no",
            "speaker": "",
            "start": 0,
            "target": "Paul_LePage",
            "txt": "But this isn\u2019t the first time LePage\u2019s comments have gotten him in trouble."
        },
        {
            "aim": "dir",
            "bias": "lex",
            "end": 13,
            "id": "p0",
            "indirect-ally-opponent-sentiment": "",
            "indirect-target-name": "",
            "notes": "",
            "polarity": "neg",
            "quote": "no",
            "speaker": "",
            "start": 0,
            "target": "Paul_LePage",
            "txt": "Controversial"
        },
        {
            "aim": "dir",
            "bias": "inf",
            "end": 144,
            "id": "p23",
            "indirect-ally-opponent-sentiment": "",
            "indirect-target-name": "",
            "notes": "",
            "polarity": "neg",
            "quote": "no",
            "speaker": "",
            "start": 0,
            "target": "Paul_LePage",
            "txt": "A year later, LePage said that NAACP officials, who had called him out for not attending a Martin Luther King Jr.\u2019s event, could \u201ckiss my butt.\u201d"
        },
        {
            "aim": "dir",
            "bias": "inf",
            "end": 145,
            "id": "p24",
            "indirect-ally-opponent-sentiment": "",
            "indirect-target-name": "",
            "notes": "",
            "polarity": "neg",
            "quote": "no",
            "speaker": "",
            "start": 0,
            "target": "Paul_LePage",
            "txt": "In 2015, LePage was forced to apologize to the son of a cartoonist for The Bangor Daily News because he told him he\u2019d \u201clike to shoot\u201d his father."
        },
        {
            "aim": "dir",
            "bias": "inf",
            "end": 182,
            "id": "p22",
            "indirect-ally-opponent-sentiment": "",
            "indirect-target-name": "",
            "notes": "",
            "polarity": "neg",
            "quote": "no",
            "speaker": "",
            "start": 0,
            "target": "Paul_LePage",
            "txt": "The Republican governor has a long history of making controversial statements dating back to 2010 when he said if he were elected governor, he\u2019d tell President Obama to \u201cgo to hell.\u201d"
        }
    ],
    "uuid": "0b7469f0-2f17-4de1-b9b8-911bad62b6c6"
}