{
    "article-level-annotations": {
        "author_feeling_Paul_LePage": "neg",
        "author_feeling_main_event": "neg",
        "notes": "shows other Republicans against LePage",
        "relative_stance": "center",
        "you_feeling_Paul_LePage": "neu"
    },
    "pair-uuid": "7a97de89-1433-46f7-bcc2-f80b041cb9a0",
    "phrase-level-annotations": [
        {
            "aim": "dir",
            "bias": "inf",
            "end": 68,
            "id": "p5",
            "indirect-ally-opponent-sentiment": "",
            "indirect-target-name": "",
            "notes": "",
            "polarity": "neg",
            "quote": "no",
            "speaker": "",
            "start": 29,
            "target": "Paul_LePage",
            "txt": "including from members of his own party"
        },
        {
            "aim": "dir",
            "bias": "inf",
            "end": 144,
            "id": "p10",
            "indirect-ally-opponent-sentiment": "",
            "indirect-target-name": "",
            "notes": "",
            "polarity": "neg",
            "quote": "no",
            "speaker": "",
            "start": 94,
            "target": "Paul_LePage",
            "txt": "even though they came directly from LePage himself"
        },
        {
            "aim": "dir",
            "bias": "inf",
            "end": 65,
            "id": "p16",
            "indirect-ally-opponent-sentiment": "",
            "indirect-target-name": "",
            "notes": "",
            "polarity": "neg",
            "quote": "yes",
            "speaker": "other_anti",
            "start": 0,
            "target": "Paul_LePage",
            "txt": "\u201cThe governor is not mentally able to serve and needs to resign.\u201d"
        },
        {
            "aim": "dir",
            "bias": "inf",
            "end": 86,
            "id": "p15",
            "indirect-ally-opponent-sentiment": "",
            "indirect-target-name": "",
            "notes": "",
            "polarity": "neg",
            "quote": "yes",
            "speaker": "other_anti",
            "start": 0,
            "target": "Paul_LePage",
            "txt": "\u201cEvery day, Paul LePage gives Maine people more evidence that he is unfit for office,\u201d"
        },
        {
            "aim": "dir",
            "bias": "lex",
            "end": 73,
            "id": "p20",
            "indirect-ally-opponent-sentiment": "",
            "indirect-target-name": "",
            "notes": "",
            "polarity": "neg",
            "quote": "no",
            "speaker": "",
            "start": 64,
            "target": "Paul_LePage",
            "txt": "headaches"
        },
        {
            "aim": "dir",
            "bias": "inf",
            "end": 117,
            "id": "p29",
            "indirect-ally-opponent-sentiment": "",
            "indirect-target-name": "",
            "notes": "",
            "polarity": "neg",
            "quote": "no",
            "speaker": "",
            "start": 49,
            "target": "Paul_LePage",
            "txt": "joked about blowing up the headquarters of the Portland Press Herald"
        },
        {
            "aim": "dir",
            "bias": "inf",
            "end": 107,
            "id": "p13",
            "indirect-ally-opponent-sentiment": "",
            "indirect-target-name": "",
            "notes": "",
            "polarity": "neg",
            "quote": "no",
            "speaker": "",
            "start": 75,
            "target": "Paul_LePage",
            "txt": "questioning his mental abilities"
        }
    ],
    "uuid": "3b015abd-0e07-4329-85f6-7ae616cbda37"
}