{
    "article-level-annotations": {
        "author_feeling_Donald_Trump": "neu",
        "author_feeling_Ruth_Bader_Ginsburg": "neu",
        "author_feeling_main_event": "neu",
        "notes": "",
        "relative_stance": "liberal",
        "you_feeling_Donald_Trump": "neu",
        "you_feeling_Ruth_Bader_Ginsburg": "neu"
    },
    "pair-uuid": "8385a996-1afc-4778-a06d-7070a8f19e27",
    "phrase-level-annotations": [
        {
            "aim": "dir",
            "bias": "inf",
            "end": 124,
            "id": "p1",
            "indirect-ally-opponent-sentiment": "",
            "indirect-target-name": "",
            "notes": "",
            "polarity": "neg",
            "quote": "yes",
            "speaker": "Ruth_Bader_Ginsburg",
            "start": 0,
            "target": "Donald_Trump",
            "txt": "\u201cI can\u2019t imagine what this place would be \u2015 I can\u2019t imagine what the country would be \u2015 with Donald Trump as our president,\u201d"
        },
        {
            "aim": "dir",
            "bias": "inf",
            "end": 47,
            "id": "p5",
            "indirect-ally-opponent-sentiment": "",
            "indirect-target-name": "",
            "notes": "",
            "polarity": "neg",
            "quote": "yes",
            "speaker": "Ruth_Bader_Ginsburg",
            "start": 0,
            "target": "Donald_Trump",
            "txt": "\u201cI don\u2019t want to think about that possibility,\u201d"
        },
        {
            "aim": "dir",
            "bias": "inf",
            "end": 84,
            "id": "p8",
            "indirect-ally-opponent-sentiment": "",
            "indirect-target-name": "",
            "notes": "",
            "polarity": "neg",
            "quote": "yes",
            "speaker": "other_anti",
            "start": 66,
            "target": "Ruth_Bader_Ginsburg",
            "txt": "\u201cbeyond the pale.\u201d"
        },
        {
            "aim": "dir",
            "bias": "inf",
            "end": 174,
            "id": "p11",
            "indirect-ally-opponent-sentiment": "",
            "indirect-target-name": "",
            "notes": "",
            "polarity": "neg",
            "quote": "yes",
            "speaker": "other_anti",
            "start": 119,
            "target": "Ruth_Bader_Ginsburg",
            "txt": "\u201cthere is little question that she has crossed a line.\u201d"
        },
        {
            "aim": "dir",
            "bias": "inf",
            "end": 95,
            "id": "p17",
            "indirect-ally-opponent-sentiment": "",
            "indirect-target-name": "",
            "notes": "",
            "polarity": "pos",
            "quote": "no",
            "speaker": "",
            "start": 4,
            "target": "Ruth_Bader_Ginsburg",
            "txt": "recusals for political views or implicit support for certain positions are exceedingly rare"
        },
        {
            "aim": "dir",
            "bias": "inf",
            "end": 115,
            "id": "p19",
            "indirect-ally-opponent-sentiment": "",
            "indirect-target-name": "",
            "notes": "",
            "polarity": "neg",
            "quote": "yes",
            "speaker": "other_anti",
            "start": 0,
            "target": "Ruth_Bader_Ginsburg",
            "txt": "\u201cI\u2019m not aware [that] any justice before has ever commented on the merits or demerits of a presidential candidate,\u201d"
        },
        {
            "aim": "dir",
            "bias": "inf",
            "end": 359,
            "id": "p19",
            "indirect-ally-opponent-sentiment": "",
            "indirect-target-name": "",
            "notes": "",
            "polarity": "neg",
            "quote": "yes",
            "speaker": "other_anti",
            "start": 322,
            "target": "Ruth_Bader_Ginsburg",
            "txt": "\u201cremarkable record of indiscretions.\u201d"
        },
        {
            "aim": "dir",
            "bias": "inf",
            "end": 105,
            "id": "p22",
            "indirect-ally-opponent-sentiment": "",
            "indirect-target-name": "",
            "notes": "",
            "polarity": "neg",
            "quote": "yes",
            "speaker": "other_neutral",
            "start": 0,
            "target": "Ruth_Bader_Ginsburg",
            "txt": "\u201cMost people now recognize that judges are heavily influenced by their personal beliefs and experiences,\u201d"
        },
        {
            "aim": "dir",
            "bias": "inf",
            "end": 94,
            "id": "p26",
            "indirect-ally-opponent-sentiment": "",
            "indirect-target-name": "",
            "notes": "",
            "polarity": "pos",
            "quote": "yes",
            "speaker": "other_neutral",
            "start": 0,
            "target": "Ruth_Bader_Ginsburg",
            "txt": "\u201cSo perhaps the pretense that judges are nonpartisan and apolitical does more harm than good.\u201d"
        }
    ],
    "uuid": "52d0bf09-037d-46b4-b72a-6a3dd552729b"
}