{
    "article-level-annotations": {
        "author_feeling_Donald_Trump": "neg",
        "author_feeling_Enrique_Pena_Nieto": "neu",
        "author_feeling_Vicente_Fox": "neu",
        "author_feeling_main_event": "neu",
        "notes": "some bias in non-quotes",
        "relative_stance": "liberal",
        "you_feeling_Donald_Trump": "neu",
        "you_feeling_Enrique_Pena_Nieto": "neu",
        "you_feeling_Vicente_Fox": "neu"
    },
    "phrase-level-annotations": [
        {
            "aim": "dir",
            "bias": "inf",
            "end": 85,
            "id": "p2",
            "indirect-ally-opponent-sentiment": "",
            "indirect-target-name": "",
            "notes": "",
            "polarity": "neg",
            "quote": "yes",
            "speaker": "Vicente_Fox",
            "start": 0,
            "target": "Donald_Trump",
            "txt": "\u201cBy 130 million people, we don\u2019t like him, we don\u2019t want him. We reject his message.\u201d"
        },
        {
            "aim": "dir",
            "bias": "inf",
            "end": 233,
            "id": "p5",
            "indirect-ally-opponent-sentiment": "",
            "indirect-target-name": "",
            "notes": "",
            "polarity": "neg",
            "quote": "no",
            "speaker": "",
            "start": 186,
            "target": "Donald_Trump",
            "txt": "fear-mongering about \u201crapists\u201d and drug dealers"
        },
        {
            "aim": "dir",
            "bias": "inf",
            "end": 87,
            "id": "p9",
            "indirect-ally-opponent-sentiment": "",
            "indirect-target-name": "",
            "notes": "",
            "polarity": "neg",
            "quote": "no",
            "speaker": "",
            "start": 0,
            "target": "Enrique_Pena_Nieto",
            "txt": "He, too, may seize on the meeting as an opportunity to bolster his image with Mexicans."
        },
        {
            "aim": "dir",
            "bias": "inf",
            "end": 126,
            "id": "p14",
            "indirect-ally-opponent-sentiment": "",
            "indirect-target-name": "",
            "notes": "",
            "polarity": "neg",
            "quote": "yes",
            "speaker": "Vicente_Fox",
            "start": 0,
            "target": "Enrique_Pena_Nieto",
            "txt": "He will even be considered like a traitor because we don\u2019t accept to be offended like we just heard, and it should not happen."
        },
        {
            "aim": "dir",
            "bias": "inf",
            "end": 192,
            "id": "p17",
            "indirect-ally-opponent-sentiment": "",
            "indirect-target-name": "",
            "notes": "",
            "polarity": "neg",
            "quote": "yes",
            "speaker": "Vicente_Fox",
            "start": 142,
            "target": "Donald_Trump",
            "txt": "this false prophet that is just cheating everybody"
        },
        {
            "aim": "dir",
            "bias": "inf",
            "end": 139,
            "id": "p22",
            "indirect-ally-opponent-sentiment": "",
            "indirect-target-name": "",
            "notes": "",
            "polarity": "neg",
            "quote": "yes",
            "speaker": "Donald_Trump",
            "start": 0,
            "target": "Vicente_Fox",
            "txt": "\u201cFormer President Vicente Fox, who is railing against my visit to Mexico today, also invited me when he apologized for using the \u201cf bomb.\u201d\u201d"
        },
        {
            "aim": "dir",
            "bias": "inf",
            "end": 65,
            "id": "p25",
            "indirect-ally-opponent-sentiment": "",
            "indirect-target-name": "",
            "notes": "",
            "polarity": "neg",
            "quote": "yes",
            "speaker": "Vicente_Fox",
            "start": 0,
            "target": "Donald_Trump",
            "txt": "Stop lying! Mexico is not yours to play with, show some respect.\u201d"
        },
        {
            "aim": "dir",
            "bias": "lex",
            "end": 24,
            "id": "p21",
            "indirect-ally-opponent-sentiment": "",
            "indirect-target-name": "",
            "notes": "sarcastic",
            "polarity": "neg",
            "quote": "no",
            "speaker": "",
            "start": 12,
            "target": "Donald_Trump",
            "txt": "so helpfully"
        },
        {
            "aim": "dir",
            "bias": "lex",
            "end": 78,
            "id": "p10",
            "indirect-ally-opponent-sentiment": "",
            "indirect-target-name": "",
            "notes": "",
            "polarity": "neg",
            "quote": "yes",
            "speaker": "Vicente_Fox",
            "start": 71,
            "target": "Enrique_Pena_Nieto",
            "txt": "traitor"
        },
        {
            "aim": "dir",
            "bias": "inf",
            "end": 80,
            "id": "p11",
            "indirect-ally-opponent-sentiment": "",
            "indirect-target-name": "",
            "notes": "",
            "polarity": "neg",
            "quote": "yes",
            "speaker": "Vicente_Fox",
            "start": 0,
            "target": "Donald_Trump",
            "txt": "\u201cTrump is using Mexico, using President Pe\u00f1a to boost his sinking poll numbers,\u201d"
        },
        {
            "aim": "dir",
            "bias": "lex",
            "end": 17,
            "id": "p18",
            "indirect-ally-opponent-sentiment": "",
            "indirect-target-name": "",
            "notes": "",
            "polarity": "neg",
            "quote": "yes",
            "speaker": "Vicente_Fox",
            "start": 8,
            "target": "Donald_Trump",
            "txt": "desperate"
        }
    ],
    "triplet-uuid": "8abec8d9-50a2-480e-969a-157f94954f4d",
    "uuid": "8f68dc8f-d6db-45b4-977b-3ba2bd56faf6"
}