{
    "article-level-annotations": {
        "author_feeling_Donald_Trump": "neu",
        "author_feeling_Felipe_Calder": "neu",
        "author_feeling_Vicente_Fox": "neu",
        "author_feeling_main_event": "neu",
        "notes": "",
        "relative_stance": "conservative",
        "you_feeling_Donald_Trump": "neu",
        "you_feeling_Felipe_Calder": "neu",
        "you_feeling_Vicente_Fox": "neu"
    },
    "pair-uuid": "d4a4bc34-e48b-4485-86b2-f1daf4d464dd",
    "phrase-level-annotations": [
        {
            "aim": "dir",
            "bias": "lex",
            "end": 92,
            "id": "p4",
            "indirect-ally-opponent-sentiment": "",
            "indirect-target-name": "",
            "notes": "",
            "polarity": "neg",
            "quote": "yes",
            "speaker": "Vicente_Fox",
            "start": 79,
            "target": "Donald_Trump",
            "txt": "false prophet"
        },
        {
            "aim": "dir",
            "bias": "lex",
            "end": 70,
            "id": "p8",
            "indirect-ally-opponent-sentiment": "",
            "indirect-target-name": "",
            "notes": "",
            "polarity": "neg",
            "quote": "yes",
            "speaker": "Vicente_Fox",
            "start": 61,
            "target": "Donald_Trump",
            "txt": "crazy man"
        },
        {
            "aim": "dir",
            "bias": "inf",
            "end": 96,
            "id": "p11",
            "indirect-ally-opponent-sentiment": "",
            "indirect-target-name": "",
            "notes": "",
            "polarity": "neg",
            "quote": "yes",
            "speaker": "Vicente_Fox",
            "start": 60,
            "target": "Donald_Trump",
            "txt": "He is just himself. He is egocentric"
        },
        {
            "aim": "ind_pro",
            "bias": "lex",
            "end": 72,
            "id": "p13",
            "indirect-ally-opponent-sentiment": "neg",
            "indirect-target-name": "border wall",
            "notes": "",
            "polarity": "neg",
            "quote": "yes",
            "speaker": "Felipe_Calder",
            "start": 66,
            "target": "Donald_Trump",
            "txt": "stupid"
        },
        {
            "aim": "ind_pro",
            "bias": "inf",
            "end": 39,
            "id": "p14",
            "indirect-ally-opponent-sentiment": "neg",
            "indirect-target-name": "border wall",
            "notes": "",
            "polarity": "neg",
            "quote": "yes",
            "speaker": "Felipe_Calder",
            "start": 0,
            "target": "Donald_Trump",
            "txt": "And it's going to be completely useless"
        },
        {
            "aim": "dir",
            "bias": "inf",
            "end": 86,
            "id": "p25",
            "indirect-ally-opponent-sentiment": "",
            "indirect-target-name": "",
            "notes": "",
            "polarity": "neg",
            "quote": "no",
            "speaker": "",
            "start": 65,
            "target": "Donald_Trump",
            "txt": "the reality TV star\u2019s"
        },
        {
            "aim": "dir",
            "bias": "inf",
            "end": 141,
            "id": "p26",
            "indirect-ally-opponent-sentiment": "",
            "indirect-target-name": "",
            "notes": "",
            "polarity": "neg",
            "quote": "yes",
            "speaker": "other_anti",
            "start": 95,
            "target": "Donald_Trump",
            "txt": "dangerous, damaging and incredibly ill-advised"
        }
    ],
    "uuid": "b87c6669-56a3-4f2d-b3b9-fbf4dfa80ffa"
}