{
    "article-level-annotations": {
        "author_feeling_Justice_Department": "neu",
        "author_feeling_Michael_Grimm": "neu",
        "author_feeling_main_event": "neu",
        "notes": "",
        "relative_stance": "right",
        "you_feeling_Justice_Department": "neu",
        "you_feeling_Michael_Grimm": "neu"
    },
    "phrase-level-annotations": [
        {
            "aim": "dir",
            "bias": "inf",
            "end": 71,
            "id": "p2",
            "indirect-ally-opponent-sentiment": "",
            "indirect-target-name": "",
            "notes": "",
            "polarity": "neg",
            "quote": "yes",
            "speaker": "other_anti",
            "start": 51,
            "target": "Justice_Department",
            "txt": "but hardly surprised"
        },
        {
            "aim": "dir",
            "bias": "inf",
            "end": 149,
            "id": "p3",
            "indirect-ally-opponent-sentiment": "",
            "indirect-target-name": "",
            "notes": "",
            "polarity": "neg",
            "quote": "yes",
            "speaker": "other_anti",
            "start": 0,
            "target": "Justice_Department",
            "txt": "\"From the beginning, the government has pursued a politically driven vendetta against Congressman Grimm and not an independent search for the truth.\""
        },
        {
            "aim": "dir",
            "bias": "inf",
            "end": 233,
            "id": "p5",
            "indirect-ally-opponent-sentiment": "",
            "indirect-target-name": "",
            "notes": "",
            "polarity": "pos",
            "quote": "yes",
            "speaker": "other_pro",
            "start": 121,
            "target": "Michael_Grimm",
            "txt": "lifetime of public service as a Member of Congress, Marine Corps combat veteran, and decorated FBI Special Agent"
        },
        {
            "aim": "dir",
            "bias": "inf",
            "end": 121,
            "id": "p10",
            "indirect-ally-opponent-sentiment": "",
            "indirect-target-name": "",
            "notes": "",
            "polarity": "neg",
            "quote": "no",
            "speaker": "",
            "start": 0,
            "target": "Michael_Grimm",
            "txt": "After reporter Michael Scotto finished his report, Grimm stormed back, leaned into him and said, \"Let me be clear to you."
        },
        {
            "aim": "dir",
            "bias": "inf",
            "end": 78,
            "id": "p11",
            "indirect-ally-opponent-sentiment": "",
            "indirect-target-name": "",
            "notes": "",
            "polarity": "neg",
            "quote": "yes",
            "speaker": "Michael_Grimm",
            "start": 0,
            "target": "Michael_Grimm",
            "txt": "If you ever do that to me again, I'll throw you off this (expletive) balcony.\""
        },
        {
            "aim": "dir",
            "bias": "inf",
            "end": 97,
            "id": "p15",
            "indirect-ally-opponent-sentiment": "",
            "indirect-target-name": "",
            "notes": "",
            "polarity": "pos",
            "quote": "no",
            "speaker": "",
            "start": 53,
            "target": "Michael_Grimm",
            "txt": "the FBI hasn't accused him of any wrongdoing"
        },
        {
            "aim": "ind_pro",
            "bias": "inf",
            "end": 135,
            "id": "p19",
            "indirect-ally-opponent-sentiment": "neg",
            "indirect-target-name": "Nick Iacono",
            "notes": "",
            "polarity": "neg",
            "quote": "no",
            "speaker": "",
            "start": 0,
            "target": "Michael_Grimm",
            "txt": "A spokesman in Grimm's Washington office, Nick Iacono, did not immediately return emails or a telephone message seeking comment Friday."
        }
    ],
    "triplet-uuid": "33521e65-12da-4521-b132-7b606243b0e4",
    "uuid": "6d996e37-445d-47f7-a273-a8a341667d2b"
}