{
    "article-level-annotations": {
        "author_feeling_Jan_Brewer": "neu",
        "author_feeling_SB_1062_bill": "pos",
        "author_feeling_main_event": "neg",
        "notes": "decision to include quotes from Center for Arizona Policy",
        "relative_stance": "right",
        "you_feeling_Jan_Brewer": "neu",
        "you_feeling_SB_1062_bill": "neu"
    },
    "phrase-level-annotations": [
        {
            "aim": "dir",
            "bias": "inf",
            "end": 79,
            "id": "p10",
            "indirect-ally-opponent-sentiment": "",
            "indirect-target-name": "",
            "notes": "",
            "polarity": "pos",
            "quote": "yes",
            "speaker": "other_pro",
            "start": 0,
            "target": "Jan_Brewer",
            "txt": "\"She's no rookie to these high-profile deals \u2014 she gives both sides their due,\""
        },
        {
            "aim": "dir",
            "bias": "inf",
            "end": 75,
            "id": "p20",
            "indirect-ally-opponent-sentiment": "",
            "indirect-target-name": "",
            "notes": "",
            "polarity": "neg",
            "quote": "yes",
            "speaker": "other_anti",
            "start": 0,
            "target": "SB_1062_bill",
            "txt": "You have a bill here that's so toxic it's going to divide this Legislature."
        },
        {
            "aim": "dir",
            "bias": "lex",
            "end": 44,
            "id": "p4",
            "indirect-ally-opponent-sentiment": "",
            "indirect-target-name": "",
            "notes": "",
            "polarity": "neg",
            "quote": "no",
            "speaker": "",
            "start": 38,
            "target": "SB_1062_bill",
            "txt": "uproar"
        },
        {
            "aim": "ind_anti",
            "bias": "inf",
            "end": 59,
            "id": "p15",
            "indirect-ally-opponent-sentiment": "neg",
            "indirect-target-name": "media",
            "notes": "",
            "polarity": "pos",
            "quote": "no",
            "speaker": "",
            "start": 0,
            "target": "SB_1062_bill",
            "txt": "Some blame the media for blowing the law out of proportion."
        },
        {
            "aim": "dir",
            "bias": "lex",
            "end": 63,
            "id": "p16",
            "indirect-ally-opponent-sentiment": "",
            "indirect-target-name": "",
            "notes": "",
            "polarity": "neg",
            "quote": "no",
            "speaker": "",
            "start": 58,
            "target": "SB_1062_bill",
            "txt": "toxic"
        },
        {
            "aim": "dir",
            "bias": "inf",
            "end": 120,
            "id": "p22",
            "indirect-ally-opponent-sentiment": "",
            "indirect-target-name": "",
            "notes": "mainly the anti-gay marriage part. bill is supposed to be about religious freedom but group focuses on anti-gay legislature",
            "polarity": "neg",
            "quote": "no",
            "speaker": "",
            "start": 54,
            "target": "SB_1062_bill",
            "txt": "a social conservative group that opposes abortion and gay marriage"
        },
        {
            "aim": "ind_anti",
            "bias": "inf",
            "end": 238,
            "id": "p27",
            "indirect-ally-opponent-sentiment": "neg",
            "indirect-target-name": "bill opposers",
            "notes": "",
            "polarity": "pos",
            "quote": "yes",
            "speaker": "other_pro",
            "start": 53,
            "target": "SB_1062_bill",
            "txt": "\"in America today, false attacks and irresponsible characterizations about a piece of legislation can so intimidate and persuade people to change their opinion about religious liberty.\""
        }
    ],
    "triplet-uuid": "58ed2376-35a0-453a-a08e-5cd87e3bdea5",
    "uuid": "d36907c6-327f-44c7-bea1-b8d1099436e7"
}