{
    "article-level-annotations": {
        "author_feeling_Barack_Obama": "neu",
        "author_feeling_Elizabeth_Lauten": "neg",
        "author_feeling_Sasha_and_Malia_Obama": "neu",
        "author_feeling_Stephen_Fincher": "neu",
        "author_feeling_main_event": "neu",
        "notes": "",
        "relative_stance": "left",
        "you_feeling_Barack_Obama": "neu",
        "you_feeling_Elizabeth_Lauten": "neu",
        "you_feeling_Sasha_and_Malia_Obama": "neu",
        "you_feeling_Stephen_Fincher": "neu"
    },
    "phrase-level-annotations": [
        {
            "aim": "dir",
            "bias": "lex",
            "end": 99,
            "id": "p0",
            "indirect-ally-opponent-sentiment": "",
            "indirect-target-name": "",
            "notes": "",
            "polarity": "neg",
            "quote": "no",
            "speaker": "",
            "start": 91,
            "target": "Elizabeth_Lauten",
            "txt": "berating"
        },
        {
            "aim": "dir",
            "bias": "inf",
            "end": 358,
            "id": "p1",
            "indirect-ally-opponent-sentiment": "",
            "indirect-target-name": "",
            "notes": "",
            "polarity": "neg",
            "quote": "yes",
            "speaker": "Elizabeth_Lauten",
            "start": 271,
            "target": "Sasha_and_Malia_Obama",
            "txt": "\u201ctry showing a little class\u201d and \u201cdress like you deserve respect, not a spot at a bar.\u201d"
        },
        {
            "aim": "dir",
            "bias": "inf",
            "end": 177,
            "id": "p2",
            "indirect-ally-opponent-sentiment": "",
            "indirect-target-name": "",
            "notes": "",
            "polarity": "neg",
            "quote": "no",
            "speaker": "",
            "start": 97,
            "target": "Stephen_Fincher",
            "txt": "a farmer and gospel singer perhaps best known for his whimsically named hometown"
        },
        {
            "aim": "dir",
            "bias": "inf",
            "end": 119,
            "id": "p5",
            "indirect-ally-opponent-sentiment": "",
            "indirect-target-name": "",
            "notes": "",
            "polarity": "neg",
            "quote": "no",
            "speaker": "",
            "start": 55,
            "target": "Sasha_and_Malia_Obama",
            "txt": "this time wearing mostly cheerless expressions and short outfits"
        },
        {
            "aim": "dir",
            "bias": "inf",
            "end": 111,
            "id": "p13",
            "indirect-ally-opponent-sentiment": "",
            "indirect-target-name": "",
            "notes": "",
            "polarity": "neg",
            "quote": "yes",
            "speaker": "Elizabeth_Lauten",
            "start": 85,
            "target": "Sasha_and_Malia_Obama",
            "txt": "try showing a little class"
        },
        {
            "aim": "dir",
            "bias": "inf",
            "end": 37,
            "id": "p14",
            "indirect-ally-opponent-sentiment": "",
            "indirect-target-name": "",
            "notes": "",
            "polarity": "neg",
            "quote": "yes",
            "speaker": "Elizabeth_Lauten",
            "start": 0,
            "target": "Sasha_and_Malia_Obama",
            "txt": "\u201cAt least respect the part you play.\u201d"
        },
        {
            "aim": "dir",
            "bias": "inf",
            "end": 203,
            "id": "p15",
            "indirect-ally-opponent-sentiment": "",
            "indirect-target-name": "",
            "notes": "",
            "polarity": "neg",
            "quote": "yes",
            "speaker": "Elizabeth_Lauten",
            "start": 130,
            "target": "Barack_Obama",
            "txt": "\u201cdon\u2019t respect their positions very much, or the nation for that matter.\u201d"
        },
        {
            "aim": "dir",
            "bias": "inf",
            "end": 53,
            "id": "p18",
            "indirect-ally-opponent-sentiment": "",
            "indirect-target-name": "",
            "notes": "",
            "polarity": "neg",
            "quote": "yes",
            "speaker": "Elizabeth_Lauten",
            "start": 0,
            "target": "Sasha_and_Malia_Obama",
            "txt": "Dress like you deserve respect, not a spot at a bar.\u201d"
        },
        {
            "aim": "dir",
            "bias": "inf",
            "end": 72,
            "id": "p21",
            "indirect-ally-opponent-sentiment": "",
            "indirect-target-name": "",
            "notes": "",
            "polarity": "neg",
            "quote": "no",
            "speaker": "",
            "start": 12,
            "target": "Elizabeth_Lauten",
            "txt": "who did not respond to repeated requests for further comment"
        },
        {
            "aim": "dir",
            "bias": "inf",
            "end": 251,
            "id": "p22",
            "indirect-ally-opponent-sentiment": "",
            "indirect-target-name": "",
            "notes": "",
            "polarity": "neg",
            "quote": "yes",
            "speaker": "other_anti",
            "start": 84,
            "target": "Elizabeth_Lauten",
            "txt": "\u201ctaken aback that there was some political operative on Capitol Hill who did use the occasion of a Thanksgiving-themed event to criticize members of the first family.\u201d"
        },
        {
            "aim": "dir",
            "bias": "inf",
            "end": 50,
            "id": "p3",
            "indirect-ally-opponent-sentiment": "",
            "indirect-target-name": "",
            "notes": "",
            "polarity": "neg",
            "quote": "no",
            "speaker": "",
            "start": 12,
            "target": "Elizabeth_Lauten",
            "txt": "now a footnote in Mr. Fincher\u2019s career"
        },
        {
            "aim": "dir",
            "bias": "inf",
            "end": 174,
            "id": "p8",
            "indirect-ally-opponent-sentiment": "",
            "indirect-target-name": "",
            "notes": "",
            "polarity": "neg",
            "quote": "no",
            "speaker": "",
            "start": 0,
            "target": "Sasha_and_Malia_Obama",
            "txt": "At times, the girls gazed glumly at the floor and threw an occasional eye roll at their father as he compared pardoning Cheese to granting amnesty to unauthorized immigrants."
        },
        {
            "aim": "dir",
            "bias": "inf",
            "end": 26,
            "id": "p10",
            "indirect-ally-opponent-sentiment": "",
            "indirect-target-name": "",
            "notes": "",
            "polarity": "neg",
            "quote": "no",
            "speaker": "",
            "start": 0,
            "target": "Sasha_and_Malia_Obama",
            "txt": "\u201cNah,\u201d Malia said quickly."
        },
        {
            "aim": "dir",
            "bias": "inf",
            "end": 36,
            "id": "p25",
            "indirect-ally-opponent-sentiment": "",
            "indirect-target-name": "",
            "notes": "",
            "polarity": "pos",
            "quote": "yes",
            "speaker": "other_pro",
            "start": 0,
            "target": "Sasha_and_Malia_Obama",
            "txt": "\u201cAs First Daughters, you can\u2019t win,\u201d"
        }
    ],
    "triplet-uuid": "96b7046f-f584-422f-a626-6f86a26dfd8b",
    "uuid": "94b195c8-1938-4ab9-9b38-2c24f4f652e0"
}