{
    "article-level-annotations": {
        "author_feeling_Barack_Obama": "neu",
        "author_feeling_Elizabeth_Lauten": "neu",
        "author_feeling_Sasha_and_Malia_Obama": "neu",
        "author_feeling_main_event": "neu",
        "notes": "",
        "relative_stance": "center",
        "you_feeling_Barack_Obama": "neu",
        "you_feeling_Elizabeth_Lauten": "neu",
        "you_feeling_Sasha_and_Malia_Obama": "neu"
    },
    "phrase-level-annotations": [
        {
            "aim": "dir",
            "bias": "inf",
            "end": 181,
            "id": "p4",
            "indirect-ally-opponent-sentiment": "",
            "indirect-target-name": "",
            "notes": "",
            "polarity": "neg",
            "quote": "yes",
            "speaker": "Elizabeth_Lauten",
            "start": 88,
            "target": "Barack_Obama",
            "txt": "your mother and father don\u2019t respect their positions very much, or the nation for that matter"
        },
        {
            "aim": "dir",
            "bias": "inf",
            "end": 153,
            "id": "p1",
            "indirect-ally-opponent-sentiment": "",
            "indirect-target-name": "",
            "notes": "",
            "polarity": "neg",
            "quote": "yes",
            "speaker": "Elizabeth_Lauten",
            "start": 125,
            "target": "Sasha_and_Malia_Obama",
            "txt": "\"try showing a little class\""
        },
        {
            "aim": "dir",
            "bias": "inf",
            "end": 30,
            "id": "p3",
            "indirect-ally-opponent-sentiment": "",
            "indirect-target-name": "",
            "notes": "",
            "polarity": "neg",
            "quote": "yes",
            "speaker": "Elizabeth_Lauten",
            "start": 0,
            "target": "Sasha_and_Malia_Obama",
            "txt": "Dress like you deserve respect"
        },
        {
            "aim": "dir",
            "bias": "lex",
            "end": 39,
            "id": "p4",
            "indirect-ally-opponent-sentiment": "",
            "indirect-target-name": "",
            "notes": "",
            "polarity": "neg",
            "quote": "no",
            "speaker": "",
            "start": 28,
            "target": "Elizabeth_Lauten",
            "txt": "took a shot"
        },
        {
            "aim": "dir",
            "bias": "inf",
            "end": 39,
            "id": "p1",
            "indirect-ally-opponent-sentiment": "",
            "indirect-target-name": "",
            "notes": "",
            "polarity": "neg",
            "quote": "no",
            "speaker": "",
            "start": 28,
            "target": "Elizabeth_Lauten",
            "txt": "now-deleted"
        },
        {
            "aim": "dir",
            "bias": "inf",
            "end": 140,
            "id": "p8",
            "indirect-ally-opponent-sentiment": "",
            "indirect-target-name": "",
            "notes": "",
            "polarity": "pos",
            "quote": "yes",
            "speaker": "Elizabeth_Lauten",
            "start": 0,
            "target": "Elizabeth_Lauten",
            "txt": "After many hours of prayer, talking to my parents, and re-reading my words online I can see more clearly just how hurtful my words were. ..."
        }
    ],
    "triplet-uuid": "96b7046f-f584-422f-a626-6f86a26dfd8b",
    "uuid": "b65549b9-fe00-43ad-a468-724d04aef134"
}