{
    "article-level-annotations": {
        "author_feeling_Barack_Obama": "neu",
        "author_feeling_Elizabeth_Lauten": "neu",
        "author_feeling_Sasha_and_Malia_Obama": "neu",
        "author_feeling_main_event": "neu",
        "notes": "",
        "relative_stance": "right",
        "you_feeling_Barack_Obama": "neu",
        "you_feeling_Elizabeth_Lauten": "neu",
        "you_feeling_Sasha_and_Malia_Obama": "neu"
    },
    "phrase-level-annotations": [
        {
            "aim": "dir",
            "bias": "inf",
            "end": 202,
            "id": "p1",
            "indirect-ally-opponent-sentiment": "",
            "indirect-target-name": "",
            "notes": "",
            "polarity": "neg",
            "quote": "yes",
            "speaker": "Elizabeth_Lauten",
            "start": 118,
            "target": "Sasha_and_Malia_Obama",
            "txt": "\"try showing a little class,\" \"dress like you deserve respect, not a spot at a bar,\""
        },
        {
            "aim": "dir",
            "bias": "inf",
            "end": 132,
            "id": "p3",
            "indirect-ally-opponent-sentiment": "",
            "indirect-target-name": "",
            "notes": "",
            "polarity": "neg",
            "quote": "yes",
            "speaker": "Elizabeth_Lauten",
            "start": 106,
            "target": "Sasha_and_Malia_Obama",
            "txt": "try showing a little class"
        },
        {
            "aim": "dir",
            "bias": "inf",
            "end": 35,
            "id": "p4",
            "indirect-ally-opponent-sentiment": "",
            "indirect-target-name": "",
            "notes": "",
            "polarity": "neg",
            "quote": "yes",
            "speaker": "Elizabeth_Lauten",
            "start": 0,
            "target": "Sasha_and_Malia_Obama",
            "txt": "At least respect the part you play."
        },
        {
            "aim": "dir",
            "bias": "inf",
            "end": 104,
            "id": "p5",
            "indirect-ally-opponent-sentiment": "",
            "indirect-target-name": "",
            "notes": "",
            "polarity": "neg",
            "quote": "yes",
            "speaker": "Elizabeth_Lauten",
            "start": 0,
            "target": "Barack_Obama",
            "txt": "Then again your mother and father don\u2019t respect their positions very much, or the nation for that matter"
        },
        {
            "aim": "dir",
            "bias": "inf",
            "end": 52,
            "id": "p8",
            "indirect-ally-opponent-sentiment": "",
            "indirect-target-name": "",
            "notes": "",
            "polarity": "neg",
            "quote": "yes",
            "speaker": "Elizabeth_Lauten",
            "start": 0,
            "target": "Sasha_and_Malia_Obama",
            "txt": "Dress like you deserve respect, not a spot at a bar."
        },
        {
            "aim": "dir",
            "bias": "lex",
            "end": 112,
            "id": "p10",
            "indirect-ally-opponent-sentiment": "",
            "indirect-target-name": "",
            "notes": "",
            "polarity": "neg",
            "quote": "no",
            "speaker": "",
            "start": 84,
            "target": "Sasha_and_Malia_Obama",
            "txt": "hardly contain their disdain"
        },
        {
            "aim": "dir",
            "bias": "lex",
            "end": 99,
            "id": "p12",
            "indirect-ally-opponent-sentiment": "",
            "indirect-target-name": "",
            "notes": "",
            "polarity": "neg",
            "quote": "no",
            "speaker": "",
            "start": 74,
            "target": "Sasha_and_Malia_Obama",
            "txt": "with a nonchalant, \"Nah.\""
        },
        {
            "aim": "dir",
            "bias": "lex",
            "end": 255,
            "id": "p1",
            "indirect-ally-opponent-sentiment": "",
            "indirect-target-name": "",
            "notes": "sarcastic capitalization - this isn't a serious event",
            "polarity": "neg",
            "quote": "no",
            "speaker": "",
            "start": 243,
            "target": "Elizabeth_Lauten",
            "txt": "Very Serious"
        },
        {
            "aim": "dir",
            "bias": "inf",
            "end": 132,
            "id": "p15",
            "indirect-ally-opponent-sentiment": "",
            "indirect-target-name": "",
            "notes": "",
            "polarity": "pos",
            "quote": "yes",
            "speaker": "Elizabeth_Lauten",
            "start": 0,
            "target": "Elizabeth_Lauten",
            "txt": "\"After many hours of prayer, talking to my parents and re-reading my words online, I can see more clearly how hurtful my words were."
        },
        {
            "aim": "dir",
            "bias": "inf",
            "end": 75,
            "id": "p16",
            "indirect-ally-opponent-sentiment": "",
            "indirect-target-name": "",
            "notes": "",
            "polarity": "pos",
            "quote": "yes",
            "speaker": "Elizabeth_Lauten",
            "start": 0,
            "target": "Elizabeth_Lauten",
            "txt": "Please know that these judgmental feelings truly have no place in my heart."
        }
    ],
    "triplet-uuid": "96b7046f-f584-422f-a626-6f86a26dfd8b",
    "uuid": "d66faaee-4cca-415f-b7c6-bbef87dd0800"
}