{
    "article-level-annotations": {
        "author_feeling_Colorado_officials": "neu",
        "author_feeling_Nebraska_officials": "neu",
        "author_feeling_main_event": "neu",
        "notes": "",
        "relative_stance": "center",
        "you_feeling_Colorado_officials": "neu",
        "you_feeling_Nebraska_officials": "neu"
    },
    "phrase-level-annotations": [
        {
            "aim": "dir",
            "bias": "inf",
            "end": 57,
            "id": "p17",
            "indirect-ally-opponent-sentiment": "",
            "indirect-target-name": "",
            "notes": "",
            "polarity": "neg",
            "quote": "no",
            "speaker": "",
            "start": 0,
            "target": "Nebraska_officials",
            "txt": "The suit doesn't contain statistics to support the claim."
        },
        {
            "aim": "dir",
            "bias": "inf",
            "end": 74,
            "id": "p19",
            "indirect-ally-opponent-sentiment": "",
            "indirect-target-name": "",
            "notes": "",
            "polarity": "neg",
            "quote": "no",
            "speaker": "",
            "start": 0,
            "target": "Nebraska_officials",
            "txt": "But there's no way to know exactly how much legal pot is leaving Colorado."
        },
        {
            "aim": "dir",
            "bias": "inf",
            "end": 146,
            "id": "p35",
            "indirect-ally-opponent-sentiment": "",
            "indirect-target-name": "",
            "notes": "",
            "polarity": "neg",
            "quote": "no",
            "speaker": "",
            "start": 90,
            "target": "Nebraska_officials",
            "txt": "the challenge is \"political grandstanding\" without merit"
        },
        {
            "aim": "dir",
            "bias": "inf",
            "end": 57,
            "id": "p37",
            "indirect-ally-opponent-sentiment": "",
            "indirect-target-name": "",
            "notes": "",
            "polarity": "neg",
            "quote": "yes",
            "speaker": "other_anti",
            "start": 0,
            "target": "Nebraska_officials",
            "txt": "\"I think it shows they are on the wrong side of history,\""
        },
        {
            "aim": "dir",
            "bias": "inf",
            "end": 95,
            "id": "p9",
            "indirect-ally-opponent-sentiment": "",
            "indirect-target-name": "",
            "notes": "",
            "polarity": "neg",
            "quote": "yes",
            "speaker": "Nebraska_officials",
            "start": 0,
            "target": "Colorado_officials",
            "txt": "\"While Colorado reaps millions from the sale of pot, Nebraska taxpayers have to bear the cost.\""
        },
        {
            "aim": "dir",
            "bias": "inf",
            "end": 21,
            "id": "p24",
            "indirect-ally-opponent-sentiment": "",
            "indirect-target-name": "",
            "notes": "",
            "polarity": "neg",
            "quote": "yes",
            "speaker": "Nebraska_officials",
            "start": 0,
            "target": "Colorado_officials",
            "txt": "\"I'm very frustrated."
        }
    ],
    "triplet-uuid": "b764f81f-6d08-4d7c-b1a8-8961bed0a455",
    "uuid": "aaddc4d1-d6c2-4388-9588-1b6d17979113"
}