{
    "article-level-annotations": {
        "author_feeling_Colorado_officials": "neu",
        "author_feeling_Nebraska_officials": "neu",
        "author_feeling_Oklahoma_officials": "neu",
        "author_feeling_main_event": "neu",
        "notes": "",
        "relative_stance": "left",
        "you_feeling_Colorado_officials": "neu",
        "you_feeling_Nebraska_officials": "neu",
        "you_feeling_Oklahoma_officials": "neu"
    },
    "phrase-level-annotations": [
        {
            "aim": "dir",
            "bias": "inf",
            "end": 55,
            "id": "p3",
            "indirect-ally-opponent-sentiment": "",
            "indirect-target-name": "",
            "notes": "",
            "polarity": "neg",
            "quote": "yes",
            "speaker": "Nebraska_officials",
            "start": 1,
            "target": "Colorado_officials",
            "txt": "Colorado has undermined the United States Constitution"
        },
        {
            "aim": "dir",
            "bias": "inf",
            "end": 116,
            "id": "p30",
            "indirect-ally-opponent-sentiment": "",
            "indirect-target-name": "",
            "notes": "",
            "polarity": "neg",
            "quote": "yes",
            "speaker": "other_anti",
            "start": 0,
            "target": "Nebraska_officials",
            "txt": "\"Nebraska officials are acting like bullies, and they have no business trying to dictate Colorado's marijuana laws,\""
        },
        {
            "aim": "dir",
            "bias": "inf",
            "end": 141,
            "id": "p31",
            "indirect-ally-opponent-sentiment": "",
            "indirect-target-name": "",
            "notes": "",
            "polarity": "neg",
            "quote": "yes",
            "speaker": "other_anti",
            "start": 0,
            "target": "Nebraska_officials",
            "txt": "\"They are wasting their taxpayers\u2019 dollars by filing this suit and forcing Coloradans to pick up the bill for defending our state against it."
        },
        {
            "aim": "dir",
            "bias": "inf",
            "end": 108,
            "id": "p32",
            "indirect-ally-opponent-sentiment": "",
            "indirect-target-name": "",
            "notes": "",
            "polarity": "neg",
            "quote": "yes",
            "speaker": "other_anti",
            "start": 0,
            "target": "Nebraska_officials",
            "txt": "Colorado's top law enforcement officials have better things to do and you\u2019d think Nebraska\u2019s would, as well."
        },
        {
            "aim": "dir",
            "bias": "inf",
            "end": 45,
            "id": "p33",
            "indirect-ally-opponent-sentiment": "",
            "indirect-target-name": "",
            "notes": "",
            "polarity": "neg",
            "quote": "yes",
            "speaker": "other_anti",
            "start": 0,
            "target": "Nebraska_officials",
            "txt": "These guys are on the wrong side of history.\""
        },
        {
            "aim": "dir",
            "bias": "lex",
            "end": 90,
            "id": "p26",
            "indirect-ally-opponent-sentiment": "",
            "indirect-target-name": "",
            "notes": "",
            "polarity": "pos",
            "quote": "no",
            "speaker": "",
            "start": 81,
            "target": "Nebraska_officials",
            "txt": "applauded"
        },
        {
            "aim": "dir",
            "bias": "inf",
            "end": 199,
            "id": "p27",
            "indirect-ally-opponent-sentiment": "",
            "indirect-target-name": "",
            "notes": "",
            "polarity": "neg",
            "quote": "yes",
            "speaker": "other_anti",
            "start": 175,
            "target": "Colorado_officials",
            "txt": "and indeed all Americans"
        },
        {
            "aim": "dir",
            "bias": "lex",
            "end": 41,
            "id": "p28",
            "indirect-ally-opponent-sentiment": "",
            "indirect-target-name": "",
            "notes": "",
            "polarity": "neg",
            "quote": "yes",
            "speaker": "other_anti",
            "start": 34,
            "target": "Colorado_officials",
            "txt": "clearly"
        },
        {
            "aim": "dir",
            "bias": "inf",
            "end": 130,
            "id": "p28",
            "indirect-ally-opponent-sentiment": "",
            "indirect-target-name": "",
            "notes": "",
            "polarity": "neg",
            "quote": "yes",
            "speaker": "other_anti",
            "start": 100,
            "target": "Colorado_officials",
            "txt": "is not implemented in a vacuum"
        }
    ],
    "triplet-uuid": "b764f81f-6d08-4d7c-b1a8-8961bed0a455",
    "uuid": "987ca58a-7b4b-4df5-b53f-b2a3902a01b7"
}