{
    "article-level-annotations": {
        "author_feeling_Colorado_officials": "neg",
        "author_feeling_Nebraska_and_Oklahoma_officials": "neu",
        "author_feeling_main_event": "pos",
        "notes": "",
        "relative_stance": "right",
        "you_feeling_Colorado_officials": "neu",
        "you_feeling_Nebraska_and_Oklahoma_officials": "neu"
    },
    "phrase-level-annotations": [
        {
            "aim": "dir",
            "bias": "inf",
            "end": 188,
            "id": "p4",
            "indirect-ally-opponent-sentiment": "",
            "indirect-target-name": "",
            "notes": "",
            "polarity": "neg",
            "quote": "yes",
            "speaker": "Nebraska_and_Oklahoma_officials",
            "start": 106,
            "target": "Colorado_officials",
            "txt": "\u201cdraining their treasuries, and placing stress on their criminal justice systems.\u201d"
        },
        {
            "aim": "dir",
            "bias": "inf",
            "end": 39,
            "id": "p12",
            "indirect-ally-opponent-sentiment": "",
            "indirect-target-name": "",
            "notes": "",
            "polarity": "neg",
            "quote": "no",
            "speaker": "",
            "start": 0,
            "target": "Colorado_officials",
            "txt": "Like many elected officials in Colorado"
        },
        {
            "aim": "dir",
            "bias": "inf",
            "end": 100,
            "id": "p17",
            "indirect-ally-opponent-sentiment": "",
            "indirect-target-name": "",
            "notes": "",
            "polarity": "neg",
            "quote": "yes",
            "speaker": "other_anti",
            "start": 0,
            "target": "Nebraska_and_Oklahoma_officials",
            "txt": "\u201cIf Nebraska and Oklahoma succeed, they will put the violent criminal organizations back in charge,\u201d"
        },
        {
            "aim": "dir",
            "bias": "lex",
            "end": 180,
            "id": "p18",
            "indirect-ally-opponent-sentiment": "",
            "indirect-target-name": "",
            "notes": "",
            "polarity": "neg",
            "quote": "no",
            "speaker": "",
            "start": 172,
            "target": "Colorado_officials",
            "txt": "\u201cscheme\u201d"
        },
        {
            "aim": "dir",
            "bias": "inf",
            "end": 129,
            "id": "p3",
            "indirect-ally-opponent-sentiment": "",
            "indirect-target-name": "",
            "notes": "",
            "polarity": "neg",
            "quote": "yes",
            "speaker": "Nebraska_and_Oklahoma_officials",
            "start": 104,
            "target": "Colorado_officials",
            "txt": "\u201ccreated a dangerous gap\u201d"
        },
        {
            "aim": "dir",
            "bias": "lex",
            "end": 98,
            "id": "p5",
            "indirect-ally-opponent-sentiment": "",
            "indirect-target-name": "",
            "notes": "",
            "polarity": "neg",
            "quote": "no",
            "speaker": "",
            "start": 88,
            "target": "Nebraska_and_Oklahoma_officials",
            "txt": "complained"
        },
        {
            "aim": "dir",
            "bias": "lex",
            "end": 17,
            "id": "p9",
            "indirect-ally-opponent-sentiment": "",
            "indirect-target-name": "",
            "notes": "",
            "polarity": "neg",
            "quote": "no",
            "speaker": "",
            "start": 7,
            "target": "Nebraska_and_Oklahoma_officials",
            "txt": "complained"
        },
        {
            "aim": "dir",
            "bias": "inf",
            "end": 71,
            "id": "p9",
            "indirect-ally-opponent-sentiment": "",
            "indirect-target-name": "",
            "notes": "",
            "polarity": "neg",
            "quote": "no",
            "speaker": "",
            "start": 0,
            "target": "Colorado_officials",
            "txt": "He has complained that marijuana arrests have strained his jail budget."
        },
        {
            "aim": "dir",
            "bias": "lex",
            "end": 54,
            "id": "p21",
            "indirect-ally-opponent-sentiment": "",
            "indirect-target-name": "",
            "notes": "",
            "polarity": "neg",
            "quote": "no",
            "speaker": "",
            "start": 50,
            "target": "Colorado_officials",
            "txt": "huge"
        }
    ],
    "triplet-uuid": "b764f81f-6d08-4d7c-b1a8-8961bed0a455",
    "uuid": "6b573b3f-9b68-4aac-996e-8bd06bf614b8"
}