{
    "article-level-annotations": {
        "author_feeling_Kevil_McCarthy": "neu",
        "author_feeling_Raul_Labrador": "neu",
        "author_feeling_main_event": "neu",
        "notes": "",
        "relative_stance": "center",
        "you_feeling_Kevil_McCarthy": "neu",
        "you_feeling_Raul_Labrador": "neu"
    },
    "phrase-level-annotations": [
        {
            "aim": "dir",
            "bias": "inf",
            "end": 111,
            "id": "p0",
            "indirect-ally-opponent-sentiment": "",
            "indirect-target-name": "",
            "notes": "",
            "polarity": "neg",
            "quote": "no",
            "speaker": "",
            "start": 68,
            "target": "Raul_Labrador",
            "txt": "who has barely served two terms in Congress"
        },
        {
            "aim": "ind_pro",
            "bias": "lex",
            "end": 45,
            "id": "p16",
            "indirect-ally-opponent-sentiment": "neg",
            "indirect-target-name": "House conservatives",
            "notes": "",
            "polarity": "neg",
            "quote": "no",
            "speaker": "",
            "start": 38,
            "target": "Raul_Labrador",
            "txt": "pleaded"
        },
        {
            "aim": "ind_pro",
            "bias": "lex",
            "end": 13,
            "id": "p17",
            "indirect-ally-opponent-sentiment": "neg",
            "indirect-target-name": "House conservatives",
            "notes": "",
            "polarity": "neg",
            "quote": "no",
            "speaker": "",
            "start": 5,
            "target": "Raul_Labrador",
            "txt": "grumbled"
        },
        {
            "aim": "dir",
            "bias": "inf",
            "end": 129,
            "id": "p22",
            "indirect-ally-opponent-sentiment": "",
            "indirect-target-name": "",
            "notes": "",
            "polarity": "neg",
            "quote": "no",
            "speaker": "",
            "start": 95,
            "target": "Raul_Labrador",
            "txt": "or merely to raise his own profile"
        },
        {
            "aim": "ind_pro",
            "bias": "inf",
            "end": 63,
            "id": "p9",
            "indirect-ally-opponent-sentiment": "neg",
            "indirect-target-name": "House conservatives",
            "notes": "",
            "polarity": "neg",
            "quote": "no",
            "speaker": "",
            "start": 22,
            "target": "Raul_Labrador",
            "txt": "lacking a rationale to fight Mr. McCarthy"
        },
        {
            "aim": "dir",
            "bias": "inf",
            "end": 159,
            "id": "p9",
            "indirect-ally-opponent-sentiment": "",
            "indirect-target-name": "",
            "notes": "",
            "polarity": "pos",
            "quote": "no",
            "speaker": "",
            "start": 65,
            "target": "Kevil_McCarthy",
            "txt": "a well-liked member of leadership who has raised millions of dollars for Republican incumbents"
        },
        {
            "aim": "dir",
            "bias": "inf",
            "end": 178,
            "id": "p33",
            "indirect-ally-opponent-sentiment": "",
            "indirect-target-name": "",
            "notes": "",
            "polarity": "pos",
            "quote": "yes",
            "speaker": "other_pro",
            "start": 0,
            "target": "Raul_Labrador",
            "txt": "\u201cIt\u2019s time for someone new, someone conservative, someone who will put forward a fresh agenda, and someone we know is a proven and talented spokesman. That man is Ra\u00fal Labrador.\u201d"
        }
    ],
    "triplet-uuid": "c99adbdd-eaf3-4844-9548-2642e80de4e2",
    "uuid": "0a43f74c-0b97-462f-a5dc-346e49830006"
}