{
    "article-level-annotations": {
        "author_feeling_Chris_Christie": "neg",
        "author_feeling_main_event": "neu",
        "notes": "",
        "relative_stance": "left",
        "you_feeling_Chris_Christie": "neu"
    },
    "phrase-level-annotations": [
        {
            "aim": "dir",
            "bias": "lex",
            "end": 181,
            "id": "p5",
            "indirect-ally-opponent-sentiment": "",
            "indirect-target-name": "",
            "notes": "",
            "polarity": "neg",
            "quote": "no",
            "speaker": "",
            "start": 153,
            "target": "Chris_Christie",
            "txt": "political retribution scheme"
        },
        {
            "aim": "ind_pro",
            "bias": "lex",
            "end": 22,
            "id": "p7",
            "indirect-ally-opponent-sentiment": "neg",
            "indirect-target-name": "David Wildstein",
            "notes": "",
            "polarity": "neg",
            "quote": "no",
            "speaker": "",
            "start": 10,
            "target": "Chris_Christie",
            "txt": "orchestrated"
        },
        {
            "aim": "dir",
            "bias": "lex",
            "end": 252,
            "id": "p0",
            "indirect-ally-opponent-sentiment": "",
            "indirect-target-name": "",
            "notes": "",
            "polarity": "neg",
            "quote": "no",
            "speaker": "",
            "start": 245,
            "target": "Chris_Christie",
            "txt": "scandal"
        },
        {
            "aim": "dir",
            "bias": "lex",
            "end": 56,
            "id": "p6",
            "indirect-ally-opponent-sentiment": "",
            "indirect-target-name": "",
            "notes": "",
            "polarity": "neg",
            "quote": "no",
            "speaker": "",
            "start": 49,
            "target": "Chris_Christie",
            "txt": "massive"
        },
        {
            "aim": "dir",
            "bias": "inf",
            "end": 192,
            "id": "p10",
            "indirect-ally-opponent-sentiment": "",
            "indirect-target-name": "",
            "notes": "",
            "polarity": "neg",
            "quote": "no",
            "speaker": "",
            "start": 0,
            "target": "Chris_Christie",
            "txt": "The FBI and the Department of Housing and Urban Development, meanwhile, are looking into separate controversies over whether the Christie administration misused Hurricane Sandy relief dollars."
        }
    ],
    "triplet-uuid": "d1344998-0e7c-409e-aaad-df5be687fc94",
    "uuid": "f004a025-4a04-4f96-9c6e-31418a55e325"
}