{
    "article-level-annotations": {
        "author_feeling_Eric_Holder": "neu",
        "author_feeling_main_event": "neu",
        "author_feeling_police": "neg",
        "author_feeling_protestors": "neu",
        "notes": "",
        "relative_stance": "left",
        "you_feeling_Eric_Holder": "neu",
        "you_feeling_police": "neu",
        "you_feeling_protestors": "neu"
    },
    "phrase-level-annotations": [
        {
            "aim": "dir",
            "bias": "lex",
            "end": 194,
            "id": "p1",
            "indirect-ally-opponent-sentiment": "",
            "indirect-target-name": "",
            "notes": "",
            "polarity": "neg",
            "quote": "no",
            "speaker": "",
            "start": 181,
            "target": "protestors",
            "txt": "fuel the rage"
        },
        {
            "aim": "dir",
            "bias": "inf",
            "end": 179,
            "id": "p26",
            "indirect-ally-opponent-sentiment": "",
            "indirect-target-name": "",
            "notes": "",
            "polarity": "neg",
            "quote": "no",
            "speaker": "",
            "start": 0,
            "target": "police",
            "txt": "Norm Stamper, the former Seattle police chief who was in charge during the protests that rocked that city in 1999, said that the wrong tone was set from the first day in Ferguson."
        },
        {
            "aim": "dir",
            "bias": "inf",
            "end": 235,
            "id": "p27",
            "indirect-ally-opponent-sentiment": "",
            "indirect-target-name": "",
            "notes": "",
            "polarity": "neg",
            "quote": "yes",
            "speaker": "other_neutral",
            "start": 103,
            "target": "police",
            "txt": "what we had were largely peaceful vigils and protests that were met with police tactics that were highly aggressive and militaristic"
        },
        {
            "aim": "dir",
            "bias": "inf",
            "end": 156,
            "id": "p30",
            "indirect-ally-opponent-sentiment": "",
            "indirect-target-name": "",
            "notes": "",
            "polarity": "neg",
            "quote": "no",
            "speaker": "",
            "start": 0,
            "target": "police",
            "txt": "Since the first day of protests in Ferguson, the authorities shifted their response almost daily, adding to the sense that the situation was out of control."
        },
        {
            "aim": "dir",
            "bias": "lex",
            "end": 259,
            "id": "p0",
            "indirect-ally-opponent-sentiment": "",
            "indirect-target-name": "",
            "notes": "",
            "polarity": "neg",
            "quote": "no",
            "speaker": "",
            "start": 252,
            "target": "protestors",
            "txt": "restive"
        },
        {
            "aim": "dir",
            "bias": "inf",
            "end": 143,
            "id": "p29",
            "indirect-ally-opponent-sentiment": "",
            "indirect-target-name": "",
            "notes": "",
            "polarity": "neg",
            "quote": "no",
            "speaker": "",
            "start": 0,
            "target": "police",
            "txt": "He reserved his harshest criticism for the use of tear gas by the police \u2014 a mistake he said he made in Seattle and one he regrets to this day."
        },
        {
            "aim": "dir",
            "bias": "inf",
            "end": 65,
            "id": "p36",
            "indirect-ally-opponent-sentiment": "",
            "indirect-target-name": "",
            "notes": "",
            "polarity": "neg",
            "quote": "yes",
            "speaker": "other_anti",
            "start": 45,
            "target": "police",
            "txt": "what are they doing?"
        },
        {
            "aim": "dir",
            "bias": "inf",
            "end": 85,
            "id": "p43",
            "indirect-ally-opponent-sentiment": "",
            "indirect-target-name": "",
            "notes": "",
            "polarity": "pos",
            "quote": "no",
            "speaker": "",
            "start": 0,
            "target": "protestors",
            "txt": "When a demonstration ended shortly before midnight, many of the demonstrators prayed."
        }
    ],
    "triplet-uuid": "ed8c136f-8d44-4c83-ad05-0dcfc3a0c54a",
    "uuid": "09267ce5-d014-49b9-af58-7f4534db10e8"
}