{
    "article-level-annotations": {
        "author_feeling_David_Brat": "neu",
        "author_feeling_Eric_Cantor": "neu",
        "author_feeling_main_event": "neu",
        "notes": "",
        "relative_stance": "center",
        "you_feeling_David_Brat": "neu",
        "you_feeling_Eric_Cantor": "neu"
    },
    "phrase-level-annotations": [
        {
            "aim": "dir",
            "bias": "lex",
            "end": 64,
            "id": "p0",
            "indirect-ally-opponent-sentiment": "",
            "indirect-target-name": "",
            "notes": "",
            "polarity": "pos",
            "quote": "no",
            "speaker": "",
            "start": 16,
            "target": "David_Brat",
            "txt": "one of the most stunning primary election upsets"
        },
        {
            "aim": "dir",
            "bias": "lex",
            "end": 99,
            "id": "p2",
            "indirect-ally-opponent-sentiment": "",
            "indirect-target-name": "",
            "notes": "",
            "polarity": "neg",
            "quote": "no",
            "speaker": "",
            "start": 92,
            "target": "Eric_Cantor",
            "txt": "toppled"
        },
        {
            "aim": "dir",
            "bias": "lex",
            "end": 221,
            "id": "p0",
            "indirect-ally-opponent-sentiment": "",
            "indirect-target-name": "",
            "notes": "",
            "polarity": "neg",
            "quote": "no",
            "speaker": "",
            "start": 213,
            "target": "David_Brat",
            "txt": "hammered"
        },
        {
            "aim": "dir",
            "bias": "lex",
            "end": 10,
            "id": "p9",
            "indirect-ally-opponent-sentiment": "",
            "indirect-target-name": "",
            "notes": "",
            "polarity": "neg",
            "quote": "no",
            "speaker": "",
            "start": 4,
            "target": "Eric_Cantor",
            "txt": "defeat"
        },
        {
            "aim": "dir",
            "bias": "lex",
            "end": 142,
            "id": "p0",
            "indirect-ally-opponent-sentiment": "",
            "indirect-target-name": "",
            "notes": "",
            "polarity": "neg",
            "quote": "no",
            "speaker": "",
            "start": 135,
            "target": "Eric_Cantor",
            "txt": "soundly"
        },
        {
            "aim": "dir",
            "bias": "inf",
            "end": 84,
            "id": "p14",
            "indirect-ally-opponent-sentiment": "",
            "indirect-target-name": "",
            "notes": "",
            "polarity": "pos",
            "quote": "yes",
            "speaker": "other_pro",
            "start": 49,
            "target": "David_Brat",
            "txt": "what he did have was a lot of heart"
        },
        {
            "aim": "dir",
            "bias": "inf",
            "end": 211,
            "id": "p20",
            "indirect-ally-opponent-sentiment": "",
            "indirect-target-name": "",
            "notes": "",
            "polarity": "neg",
            "quote": "yes",
            "speaker": "other_anti",
            "start": 193,
            "target": "Eric_Cantor",
            "txt": "Anybody But Cantor"
        },
        {
            "aim": "dir",
            "bias": "inf",
            "end": 172,
            "id": "p36",
            "indirect-ally-opponent-sentiment": "",
            "indirect-target-name": "",
            "notes": "",
            "polarity": "pos",
            "quote": "yes",
            "speaker": "other_pro",
            "start": 69,
            "target": "Eric_Cantor",
            "txt": "\u201cHow do you get that or anything done now? Eric is too liberal? This was the guy holding Boehner back.\u201d"
        }
    ],
    "triplet-uuid": "ee05c9b3-529c-4268-ad72-19bd34f7197e",
    "uuid": "415822d3-fde6-4dca-bb9e-dc6e0692eb19"
}