{
    "article-level-annotations": {
        "author_feeling_Democratic_lawmakers": "neu",
        "author_feeling_Neil_Gorsuch": "neu",
        "author_feeling_Republican_lawmakers": "neu",
        "author_feeling_main_event": "neu",
        "notes": "",
        "relative_stance": "center",
        "you_feeling_Democratic_lawmakers": "neu",
        "you_feeling_Neil_Gorsuch": "neu",
        "you_feeling_Republican_lawmakers": "neu"
    },
    "phrase-level-annotations": [
        {
            "aim": "dir",
            "bias": "inf",
            "end": 168,
            "id": "p11",
            "indirect-ally-opponent-sentiment": "",
            "indirect-target-name": "",
            "notes": "",
            "polarity": "neg",
            "quote": "no",
            "speaker": "",
            "start": 0,
            "target": "Republican_lawmakers",
            "txt": "Last year, Mr. McConnell led his party in refusing to consider President Obama\u2019s choice for the seat, Judge Merrick B. Garland, during a presidential election campaign."
        },
        {
            "aim": "ind_anti",
            "bias": "inf",
            "end": 61,
            "id": "p18",
            "indirect-ally-opponent-sentiment": "pos",
            "indirect-target-name": "Merrick Garland",
            "notes": "",
            "polarity": "neg",
            "quote": "no",
            "speaker": "",
            "start": 0,
            "target": "Republican_lawmakers",
            "txt": "The group had also given its highest rating to Judge Garland."
        },
        {
            "aim": "dir",
            "bias": "inf",
            "end": 319,
            "id": "p37",
            "indirect-ally-opponent-sentiment": "",
            "indirect-target-name": "",
            "notes": "",
            "polarity": "neg",
            "quote": "no",
            "speaker": "",
            "start": 0,
            "target": "Neil_Gorsuch",
            "txt": "Mr. Jaffer pointed to documents showing, for example, that Judge Gorsuch had worked to get Congress to enact a law stripping courts of jurisdiction to hear lawsuits by Guant\u00e1namo Bay detainees, and in one email chain he criticized law firms that helped represent prisoners in seeking judicial review of their detention."
        },
        {
            "aim": "dir",
            "bias": "lex",
            "end": 111,
            "id": "p6",
            "indirect-ally-opponent-sentiment": "",
            "indirect-target-name": "",
            "notes": "",
            "polarity": "neg",
            "quote": "no",
            "speaker": "",
            "start": 101,
            "target": "Republican_lawmakers",
            "txt": "threatened"
        },
        {
            "aim": "dir",
            "bias": "inf",
            "end": 94,
            "id": "p14",
            "indirect-ally-opponent-sentiment": "",
            "indirect-target-name": "",
            "notes": "",
            "polarity": "pos",
            "quote": "no",
            "speaker": "",
            "start": 34,
            "target": "Neil_Gorsuch",
            "txt": "even Judge Gorsuch\u2019s critics did not dispute his credentials"
        },
        {
            "aim": "dir",
            "bias": "inf",
            "end": 272,
            "id": "p33",
            "indirect-ally-opponent-sentiment": "",
            "indirect-target-name": "",
            "notes": "",
            "polarity": "pos",
            "quote": "no",
            "speaker": "",
            "start": 235,
            "target": "Neil_Gorsuch",
            "txt": "praised his intellect and temperament"
        }
    ],
    "triplet-uuid": "47a209b0-fc26-4a0a-a1fe-e4310d1d2419",
    "uuid": "099d8a20-47ed-411b-af79-16a60806930d"
}