{
    "article-level-annotations": {
        "author_feeling_Democratic_lawmakers": "neg",
        "author_feeling_Neil_Gorsuch": "neu",
        "author_feeling_Republican_lawmakers": "pos",
        "author_feeling_main_event": "neu",
        "notes": "",
        "relative_stance": "right",
        "you_feeling_Democratic_lawmakers": "neu",
        "you_feeling_Neil_Gorsuch": "neu",
        "you_feeling_Republican_lawmakers": "neu"
    },
    "phrase-level-annotations": [
        {
            "aim": "dir",
            "bias": "lex",
            "end": 54,
            "id": "p0",
            "indirect-ally-opponent-sentiment": "",
            "indirect-target-name": "",
            "notes": "",
            "polarity": "neg",
            "quote": "no",
            "speaker": "",
            "start": 42,
            "target": "Democratic_lawmakers",
            "txt": "complicating"
        },
        {
            "aim": "dir",
            "bias": "lex",
            "end": 186,
            "id": "p0",
            "indirect-ally-opponent-sentiment": "",
            "indirect-target-name": "",
            "notes": "",
            "polarity": "neg",
            "quote": "no",
            "speaker": "",
            "start": 134,
            "target": "Republican_lawmakers",
            "txt": "return fire with a bomb of their own \u2013 a nuclear one"
        },
        {
            "aim": "dir",
            "bias": "lex",
            "end": 47,
            "id": "p4",
            "indirect-ally-opponent-sentiment": "",
            "indirect-target-name": "",
            "notes": "",
            "polarity": "neg",
            "quote": "no",
            "speaker": "",
            "start": 39,
            "target": "Democratic_lawmakers",
            "txt": "threaten"
        },
        {
            "aim": "dir",
            "bias": "inf",
            "end": 44,
            "id": "p9",
            "indirect-ally-opponent-sentiment": "",
            "indirect-target-name": "",
            "notes": "",
            "polarity": "neg",
            "quote": "no",
            "speaker": "",
            "start": 0,
            "target": "Democratic_lawmakers",
            "txt": "Republicans panned the call as \"ridiculous.\""
        },
        {
            "aim": "ind_pro",
            "bias": "lex",
            "end": 136,
            "id": "p6",
            "indirect-ally-opponent-sentiment": "neg",
            "indirect-target-name": "Donald Trump",
            "notes": "",
            "polarity": "neg",
            "quote": "yes",
            "speaker": "Democratic_lawmakers",
            "start": 122,
            "target": "Republican_lawmakers",
            "txt": "big gray cloud"
        },
        {
            "aim": "dir",
            "bias": "lex",
            "end": 154,
            "id": "p7",
            "indirect-ally-opponent-sentiment": "",
            "indirect-target-name": "",
            "notes": "",
            "polarity": "neg",
            "quote": "yes",
            "speaker": "Democratic_lawmakers",
            "start": 135,
            "target": "Republican_lawmakers",
            "txt": "howling at the moon"
        }
    ],
    "triplet-uuid": "47a209b0-fc26-4a0a-a1fe-e4310d1d2419",
    "uuid": "cc9c169a-a781-4e90-a3d2-aa77b61ef06c"
}