{
    "article-level-annotations": {
        "author_feeling_Donald_Trump": "neu",
        "author_feeling_Joe_Lieberman": "neu",
        "author_feeling_main_event": "neu",
        "notes": "",
        "relative_stance": "center",
        "you_feeling_Donald_Trump": "neu",
        "you_feeling_Joe_Lieberman": "neu"
    },
    "phrase-level-annotations": [
        {
            "aim": "dir",
            "bias": "inf",
            "end": 56,
            "id": "p0",
            "indirect-ally-opponent-sentiment": "",
            "indirect-target-name": "",
            "notes": "",
            "polarity": "neg",
            "quote": "no",
            "speaker": "",
            "start": 17,
            "target": "Donald_Trump",
            "txt": "24 hours from his self-imposed deadline"
        },
        {
            "aim": "dir",
            "bias": "inf",
            "end": 166,
            "id": "p1",
            "indirect-ally-opponent-sentiment": "",
            "indirect-target-name": "",
            "notes": "",
            "polarity": "neg",
            "quote": "no",
            "speaker": "",
            "start": 93,
            "target": "Joe_Lieberman",
            "txt": "75-year-old political operator with no federal law enforcement experience"
        },
        {
            "aim": "ind_general",
            "bias": "inf",
            "end": 243,
            "id": "p10",
            "indirect-ally-opponent-sentiment": "neu",
            "indirect-target-name": "FBI",
            "notes": "",
            "polarity": "pos",
            "quote": "yes",
            "speaker": "Donald_Trump",
            "start": 0,
            "target": "Donald_Trump",
            "txt": "The F.B.I. has not had that special reputation with what happened in the campaign, what happened with respect to the Clinton campaign, and even, you could say \u2014 directly or indirectly \u2014 with respect to the much more successful Trump campaign.\u201d"
        },
        {
            "aim": "dir",
            "bias": "inf",
            "end": 199,
            "id": "p11",
            "indirect-ally-opponent-sentiment": "",
            "indirect-target-name": "",
            "notes": "",
            "polarity": "neg",
            "quote": "no",
            "speaker": "",
            "start": 110,
            "target": "Donald_Trump",
            "txt": "the \u201cApprentice\u201d-style frenzy of speculation he has favored with other high-profile picks"
        },
        {
            "aim": "dir",
            "bias": "inf",
            "end": 166,
            "id": "p1",
            "indirect-ally-opponent-sentiment": "",
            "indirect-target-name": "",
            "notes": "",
            "polarity": "neg",
            "quote": "no",
            "speaker": "",
            "start": 46,
            "target": "Donald_Trump",
            "txt": "his rapid embrace of Mr. Lieberman, a charming 75-year-old political operator with no federal law enforcement experience"
        },
        {
            "aim": "dir",
            "bias": "inf",
            "end": 147,
            "id": "p17",
            "indirect-ally-opponent-sentiment": "",
            "indirect-target-name": "",
            "notes": "",
            "polarity": "neg",
            "quote": "no",
            "speaker": "",
            "start": 100,
            "target": "Donald_Trump",
            "txt": "a key ingredient for Mr. Trump in hiring people"
        },
        {
            "aim": "dir",
            "bias": "lex",
            "end": 108,
            "id": "p19",
            "indirect-ally-opponent-sentiment": "",
            "indirect-target-name": "",
            "notes": "",
            "polarity": "neg",
            "quote": "no",
            "speaker": "",
            "start": 96,
            "target": "Joe_Lieberman",
            "txt": "in name only"
        }
    ],
    "triplet-uuid": "72fa9b13-4e59-4716-8df9-4c3580e7dddf",
    "uuid": "3955ca2a-5289-4089-bafc-326a1a2e6bc6"
}