{
    "article-level-annotations": {
        "author_feeling_Donald_Trump": "neg",
        "author_feeling_main_event": "neg",
        "notes": "",
        "relative_stance": "liberal",
        "you_feeling_Donald_Trump": "neu"
    },
    "phrase-level-annotations": [
        {
            "aim": "dir",
            "bias": "lex",
            "end": 38,
            "id": "p1",
            "indirect-ally-opponent-sentiment": "",
            "indirect-target-name": "",
            "notes": "",
            "polarity": "pos",
            "quote": "no",
            "speaker": "",
            "start": 28,
            "target": "Donald_Trump",
            "txt": "remarkable"
        },
        {
            "aim": "ind_pro",
            "bias": "lex",
            "end": 141,
            "id": "p3",
            "indirect-ally-opponent-sentiment": "neu",
            "indirect-target-name": "admirers",
            "notes": "",
            "polarity": "pos",
            "quote": "no",
            "speaker": "",
            "start": 130,
            "target": "Donald_Trump",
            "txt": "rain-soaked"
        },
        {
            "aim": "dir",
            "bias": "lex",
            "end": 52,
            "id": "p6",
            "indirect-ally-opponent-sentiment": "",
            "indirect-target-name": "",
            "notes": "",
            "polarity": "neg",
            "quote": "no",
            "speaker": "",
            "start": 36,
            "target": "Donald_Trump",
            "txt": "hostile takeover"
        },
        {
            "aim": "dir",
            "bias": "inf",
            "end": 87,
            "id": "p26",
            "indirect-ally-opponent-sentiment": "",
            "indirect-target-name": "",
            "notes": "",
            "polarity": "neg",
            "quote": "no",
            "speaker": "",
            "start": 57,
            "target": "Donald_Trump",
            "txt": "at a lobster-and-beef luncheon"
        },
        {
            "aim": "dir",
            "bias": "inf",
            "end": 158,
            "id": "p36",
            "indirect-ally-opponent-sentiment": "",
            "indirect-target-name": "",
            "notes": "",
            "polarity": "neg",
            "quote": "no",
            "speaker": "",
            "start": 0,
            "target": "Donald_Trump",
            "txt": "While large, the crowds on a soggy day did not rival the energetic throngs at Mr. Obama\u2019s first inauguration eight years ago, according to aerial photographs."
        },
        {
            "aim": "dir",
            "bias": "inf",
            "end": 135,
            "id": "p38",
            "indirect-ally-opponent-sentiment": "",
            "indirect-target-name": "",
            "notes": "",
            "polarity": "neg",
            "quote": "no",
            "speaker": "",
            "start": 0,
            "target": "Donald_Trump",
            "txt": "In a city that gave just 4 percent of its vote to Mr. Trump, many residents left town and about 60 House Democrats boycotted the event."
        },
        {
            "aim": "dir",
            "bias": "inf",
            "end": 176,
            "id": "p37",
            "indirect-ally-opponent-sentiment": "",
            "indirect-target-name": "",
            "notes": "",
            "polarity": "neg",
            "quote": "no",
            "speaker": "",
            "start": 0,
            "target": "Donald_Trump",
            "txt": "The Washington Metrorail system recorded fewer than half as many rides on Friday morning as in 2009, and knots of bystanders along the inaugural parade route were not as thick."
        },
        {
            "aim": "dir",
            "bias": "inf",
            "end": 266,
            "id": "p46",
            "indirect-ally-opponent-sentiment": "",
            "indirect-target-name": "",
            "notes": "",
            "polarity": "neg",
            "quote": "no",
            "speaker": "",
            "start": 213,
            "target": "Donald_Trump",
            "txt": "whose tumultuous love life played out in the tabloids"
        },
        {
            "aim": "dir",
            "bias": "inf",
            "end": 111,
            "id": "p52",
            "indirect-ally-opponent-sentiment": "",
            "indirect-target-name": "",
            "notes": "",
            "polarity": "neg",
            "quote": "no",
            "speaker": "",
            "start": 0,
            "target": "Donald_Trump",
            "txt": "An Ivy League-educated mogul who lives in a New York tower named after himself with an 80-foot-long living room"
        },
        {
            "aim": "dir",
            "bias": "inf",
            "end": 103,
            "id": "p53",
            "indirect-ally-opponent-sentiment": "",
            "indirect-target-name": "",
            "notes": "",
            "polarity": "neg",
            "quote": "no",
            "speaker": "",
            "start": 49,
            "target": "Donald_Trump",
            "txt": "willingness to offend whole sections of the population"
        },
        {
            "aim": "dir",
            "bias": "lex",
            "end": 243,
            "id": "p0",
            "indirect-ally-opponent-sentiment": "",
            "indirect-target-name": "",
            "notes": "",
            "polarity": "neg",
            "quote": "no",
            "speaker": "",
            "start": 219,
            "target": "Donald_Trump",
            "txt": "\u201cthis American carnage.\u201d"
        },
        {
            "aim": "dir",
            "bias": "inf",
            "end": 206,
            "id": "p3",
            "indirect-ally-opponent-sentiment": "",
            "indirect-target-name": "",
            "notes": "",
            "polarity": "pos",
            "quote": "no",
            "speaker": "",
            "start": 90,
            "target": "Donald_Trump",
            "txt": "Mr. Trump told hundreds of thousands of rain-soaked admirers and onlookers in a forceful 16-minute Inaugural Address"
        },
        {
            "aim": "dir",
            "bias": "inf",
            "end": 82,
            "id": "p11",
            "indirect-ally-opponent-sentiment": "",
            "indirect-target-name": "",
            "notes": "",
            "polarity": "neg",
            "quote": "no",
            "speaker": "",
            "start": 0,
            "target": "Donald_Trump",
            "txt": "Mr. Trump\u2019s view of the United States was strikingly grim for an Inaugural Address"
        },
        {
            "aim": "dir",
            "bias": "inf",
            "end": 183,
            "id": "p26",
            "indirect-ally-opponent-sentiment": "",
            "indirect-target-name": "",
            "notes": "",
            "polarity": "pos",
            "quote": "no",
            "speaker": "",
            "start": 0,
            "target": "Donald_Trump",
            "txt": "He later praised his defeated opponent, Hillary Clinton, at a lobster-and-beef luncheon with congressional leaders, asking her and former President Bill Clinton to stand for applause."
        },
        {
            "aim": "dir",
            "bias": "inf",
            "end": 144,
            "id": "p30",
            "indirect-ally-opponent-sentiment": "",
            "indirect-target-name": "",
            "notes": "",
            "polarity": "neg",
            "quote": "yes",
            "speaker": "other_anti",
            "start": 0,
            "target": "Donald_Trump",
            "txt": "\u201cI love this country, and I don\u2019t understand how a president of the United States that loves his country could paint a picture of its failures.\u201d"
        },
        {
            "aim": "dir",
            "bias": "inf",
            "end": 119,
            "id": "p31",
            "indirect-ally-opponent-sentiment": "",
            "indirect-target-name": "",
            "notes": "",
            "polarity": "neg",
            "quote": "yes",
            "speaker": "other_anti",
            "start": 10,
            "target": "Donald_Trump",
            "txt": "\u201cIt was interesting sitting up onstage with a bunch of billionaires hearing him say how bad the country was.\u201d"
        },
        {
            "aim": "dir",
            "bias": "inf",
            "end": 203,
            "id": "p49",
            "indirect-ally-opponent-sentiment": "",
            "indirect-target-name": "",
            "notes": "",
            "polarity": "neg",
            "quote": "no",
            "speaker": "",
            "start": 133,
            "target": "Donald_Trump",
            "txt": "raised questions about where his interests end and the country\u2019s begin"
        }
    ],
    "triplet-uuid": "84b3c118-50d2-45a5-a91f-7ed95b5d0143",
    "uuid": "b79beb25-e671-42ee-9170-9bbf3037d520"
}