{
    "article-level-annotations": {
        "author_feeling_Alabama_Republicans": "neg",
        "author_feeling_Roy_Moore": "neg",
        "author_feeling_main_event": "neg",
        "notes": "the whole second half of this article seems negative toward Alabama republicans, but this is based on the author's and my prior biases.",
        "relative_stance": "liberal",
        "you_feeling_Alabama_Republicans": "neu",
        "you_feeling_Roy_Moore": "neu"
    },
    "phrase-level-annotations": [
        {
            "aim": "dir",
            "bias": "inf",
            "end": 306,
            "id": "p1",
            "indirect-ally-opponent-sentiment": "",
            "indirect-target-name": "",
            "notes": "",
            "polarity": "neg",
            "quote": "no",
            "speaker": "",
            "start": 172,
            "target": "Roy_Moore",
            "txt": "eventually kissing her, undressing her, touching her over her bra and underpants, and guiding her hand to touch him over his underwear"
        },
        {
            "aim": "ind_anti",
            "bias": "inf",
            "end": 66,
            "id": "p3",
            "indirect-ally-opponent-sentiment": "neu",
            "indirect-target-name": "Washington Post",
            "notes": "",
            "polarity": "neg",
            "quote": "no",
            "speaker": "",
            "start": 0,
            "target": "Roy_Moore",
            "txt": "The Post interviewed more than 30 people in reporting its account."
        },
        {
            "aim": "ind_anti",
            "bias": "lex",
            "end": 87,
            "id": "p4",
            "indirect-ally-opponent-sentiment": "neg",
            "indirect-target-name": "Democrats",
            "notes": "",
            "polarity": "pos",
            "quote": "yes",
            "speaker": "Roy_Moore",
            "start": 78,
            "target": "Roy_Moore",
            "txt": "desperate"
        },
        {
            "aim": "dir",
            "bias": "inf",
            "end": 128,
            "id": "p6",
            "indirect-ally-opponent-sentiment": "",
            "indirect-target-name": "",
            "notes": "",
            "polarity": "neg",
            "quote": "no",
            "speaker": "",
            "start": 71,
            "target": "Alabama_Republicans",
            "txt": "several of whom dismissed the women\u2019s stories out of hand"
        },
        {
            "aim": "dir",
            "bias": "inf",
            "end": 158,
            "id": "p7",
            "indirect-ally-opponent-sentiment": "",
            "indirect-target-name": "",
            "notes": "",
            "polarity": "neg",
            "quote": "no",
            "speaker": "",
            "start": 41,
            "target": "Roy_Moore",
            "txt": "even as the reporters behind it described in detail how they had uncovered the story and corroborated the allegations"
        },
        {
            "aim": "ind_anti",
            "bias": "inf",
            "end": 31,
            "id": "p9",
            "indirect-ally-opponent-sentiment": "neg",
            "indirect-target-name": "Washington Post",
            "notes": "",
            "polarity": "pos",
            "quote": "yes",
            "speaker": "other_pro",
            "start": 0,
            "target": "Roy_Moore",
            "txt": "\u2018Total contrived media garbage\u2019"
        },
        {
            "aim": "ind_anti",
            "bias": "lex",
            "end": 92,
            "id": "p12",
            "indirect-ally-opponent-sentiment": "neg",
            "indirect-target-name": "Democrats",
            "notes": "",
            "polarity": "pos",
            "quote": "yes",
            "speaker": "other_pro",
            "start": 81,
            "target": "Roy_Moore",
            "txt": "shenanigans"
        },
        {
            "aim": "dir",
            "bias": "lex",
            "end": 41,
            "id": "p0",
            "indirect-ally-opponent-sentiment": "",
            "indirect-target-name": "",
            "notes": "",
            "polarity": "neg",
            "quote": "no",
            "speaker": "",
            "start": 32,
            "target": "Alabama_Republicans",
            "txt": "staunchly"
        },
        {
            "aim": "ind_pro",
            "bias": "inf",
            "end": 133,
            "id": "p21",
            "indirect-ally-opponent-sentiment": "neg",
            "indirect-target-name": "Jerry Pow",
            "notes": "",
            "polarity": "neg",
            "quote": "no",
            "speaker": "",
            "start": 86,
            "target": "Alabama_Republicans",
            "txt": "even if the candidate had committed a sex crime"
        }
    ],
    "triplet-uuid": "be026bd1-52b1-4789-bfd3-3632af17b054",
    "uuid": "908124f8-61db-416e-a034-737aa9a74a8b"
}