{
    "article-level-annotations": {
        "author_feeling_Donald_Trump": "neg",
        "author_feeling_Kathy_Griffin": "neu",
        "author_feeling_main_event": "neu",
        "notes": "",
        "relative_stance": "liberal",
        "you_feeling_Donald_Trump": "neu",
        "you_feeling_Kathy_Griffin": "neu"
    },
    "phrase-level-annotations": [
        {
            "aim": "dir",
            "bias": "inf",
            "end": 320,
            "id": "p1",
            "indirect-ally-opponent-sentiment": "",
            "indirect-target-name": "",
            "notes": "",
            "polarity": "neg",
            "quote": "no",
            "speaker": "",
            "start": 193,
            "target": "Donald_Trump",
            "txt": "the sort of combative social media postings that helped propel him to the Oval Office and have gotten him in trouble ever since"
        },
        {
            "aim": "ind_general",
            "bias": "inf",
            "end": 113,
            "id": "p7",
            "indirect-ally-opponent-sentiment": "neu",
            "indirect-target-name": "Chelsea Clinton",
            "notes": "",
            "polarity": "pos",
            "quote": "no",
            "speaker": "",
            "start": 0,
            "target": "Donald_Trump",
            "txt": "The Trumps had the support of the daughter of the woman the president beat in last year\u2019s election, among others."
        },
        {
            "aim": "dir",
            "bias": "inf",
            "end": 38,
            "id": "p21",
            "indirect-ally-opponent-sentiment": "",
            "indirect-target-name": "",
            "notes": "",
            "polarity": "neg",
            "quote": "no",
            "speaker": "",
            "start": 0,
            "target": "Kathy_Griffin",
            "txt": "Mr. Cooper distanced himself, as well."
        },
        {
            "aim": "dir",
            "bias": "inf",
            "end": 172,
            "id": "p22",
            "indirect-ally-opponent-sentiment": "",
            "indirect-target-name": "",
            "notes": "",
            "polarity": "pos",
            "quote": "no",
            "speaker": "",
            "start": 0,
            "target": "Donald_Trump",
            "txt": "Mr. Trump also lashed out at Democrats in Congress whom he accused of trying to squelch testimony involving the investigation into Russian meddling in last year\u2019s election."
        },
        {
            "aim": "dir",
            "bias": "lex",
            "end": 24,
            "id": "p2",
            "indirect-ally-opponent-sentiment": "",
            "indirect-target-name": "",
            "notes": "",
            "polarity": "neg",
            "quote": "no",
            "speaker": "",
            "start": 14,
            "target": "Donald_Trump",
            "txt": "castigated"
        },
        {
            "aim": "dir",
            "bias": "lex",
            "end": 106,
            "id": "p3",
            "indirect-ally-opponent-sentiment": "",
            "indirect-target-name": "",
            "notes": "makes her look attacked/sympathetic",
            "polarity": "pos",
            "quote": "no",
            "speaker": "",
            "start": 100,
            "target": "Kathy_Griffin",
            "txt": "forced"
        },
        {
            "aim": "dir",
            "bias": "inf",
            "end": 70,
            "id": "p5",
            "indirect-ally-opponent-sentiment": "",
            "indirect-target-name": "",
            "notes": "",
            "polarity": "neg",
            "quote": "yes",
            "speaker": "other_anti",
            "start": 41,
            "target": "Kathy_Griffin",
            "txt": "that photo is very disturbing"
        },
        {
            "aim": "dir",
            "bias": "inf",
            "end": 189,
            "id": "p6",
            "indirect-ally-opponent-sentiment": "",
            "indirect-target-name": "",
            "notes": "",
            "polarity": "neg",
            "quote": "yes",
            "speaker": "other_anti",
            "start": 0,
            "target": "Kathy_Griffin",
            "txt": "\u201cWhen you consider some of the atrocities happening in the world today, a photo opportunity like this is simply wrong and makes you wonder about the mental health of the person who did it.\u201d"
        }
    ],
    "triplet-uuid": "d16050b3-979f-4834-90db-b8823691b87e",
    "uuid": "40501fc8-6f72-4a91-bcb2-e54186b8fd4a"
}