{
    "article-level-annotations": {
        "author_feeling_Catholics": "neu",
        "author_feeling_Paul_Ryan": "neu",
        "author_feeling_main_event": "neu",
        "notes": "",
        "relative_stance": "right",
        "you_feeling_Catholics": "neu",
        "you_feeling_Paul_Ryan": "neu"
    },
    "phrase-level-annotations": [
        {
            "aim": "dir",
            "bias": "lex",
            "end": 203,
            "id": "p0",
            "indirect-ally-opponent-sentiment": "",
            "indirect-target-name": "",
            "notes": "",
            "polarity": "neg",
            "quote": "no",
            "speaker": "",
            "start": 196,
            "target": "Paul_Ryan",
            "txt": "slashes"
        },
        {
            "aim": "dir",
            "bias": "inf",
            "end": 322,
            "id": "p3",
            "indirect-ally-opponent-sentiment": "",
            "indirect-target-name": "",
            "notes": "",
            "polarity": "neg",
            "quote": "yes",
            "speaker": "Catholics",
            "start": 97,
            "target": "Paul_Ryan",
            "txt": "your continuing misuse of Catholic teaching to defend a budget plan that decimates food programs for struggling families, radically weakens protections for the elderly and sick, and gives more tax breaks to the wealthiest few"
        },
        {
            "aim": "dir",
            "bias": "inf",
            "end": 222,
            "id": "p7",
            "indirect-ally-opponent-sentiment": "",
            "indirect-target-name": "",
            "notes": "",
            "polarity": "neg",
            "quote": "no",
            "speaker": "",
            "start": 0,
            "target": "Catholics",
            "txt": "Their condemnation has grown so heated that this month, Bishop Daniel Jenky, of Peoria, Ill., said in a homily that President Obama was so intolerant of religion that he was \u201cfollowing a similar path\u201d as Hitler and Stalin."
        },
        {
            "aim": "dir",
            "bias": "lex",
            "end": 46,
            "id": "p10",
            "indirect-ally-opponent-sentiment": "",
            "indirect-target-name": "",
            "notes": "",
            "polarity": "pos",
            "quote": "no",
            "speaker": "",
            "start": 35,
            "target": "Paul_Ryan",
            "txt": "rising star"
        },
        {
            "aim": "dir",
            "bias": "inf",
            "end": 189,
            "id": "p15",
            "indirect-ally-opponent-sentiment": "",
            "indirect-target-name": "",
            "notes": "",
            "polarity": "neg",
            "quote": "no",
            "speaker": "",
            "start": 0,
            "target": "Paul_Ryan",
            "txt": "Mr. Ryan claimed in a recent interview that those letters did not speak for all bishops, but the conference responded that those letters do indeed represent the bishops\u2019 collective opinion."
        },
        {
            "aim": "dir",
            "bias": "lex",
            "end": 103,
            "id": "p0",
            "indirect-ally-opponent-sentiment": "",
            "indirect-target-name": "",
            "notes": "",
            "polarity": "neg",
            "quote": "no",
            "speaker": "",
            "start": 93,
            "target": "Paul_Ryan",
            "txt": "excoriated"
        },
        {
            "aim": "dir",
            "bias": "lex",
            "end": 38,
            "id": "p2",
            "indirect-ally-opponent-sentiment": "",
            "indirect-target-name": "",
            "notes": "",
            "polarity": "pos",
            "quote": "no",
            "speaker": "",
            "start": 27,
            "target": "Paul_Ryan",
            "txt": "prestigious"
        }
    ],
    "triplet-uuid": "29ffd053-7684-469b-a600-97000579bd01",
    "uuid": "da1baeca-ebba-4fce-97b4-03a03f8c7601"
}