{
    "article-level-annotations": {
        "author_feeling_Obama_campaign": "neg",
        "author_feeling_Romney_campaign": "neu",
        "author_feeling_main_event": "neu",
        "notes": "",
        "relative_stance": "right",
        "you_feeling_Obama_campaign": "neu",
        "you_feeling_Romney_campaign": "neu"
    },
    "phrase-level-annotations": [
        {
            "aim": "dir",
            "bias": "lex",
            "end": 9,
            "id": "p3",
            "indirect-ally-opponent-sentiment": "",
            "indirect-target-name": "",
            "notes": "",
            "polarity": "neg",
            "quote": "yes",
            "speaker": "other_anti",
            "start": 4,
            "target": "Obama_campaign",
            "txt": "stole"
        },
        {
            "aim": "dir",
            "bias": "inf",
            "end": 104,
            "id": "p4",
            "indirect-ally-opponent-sentiment": "",
            "indirect-target-name": "",
            "notes": "",
            "polarity": "neg",
            "quote": "yes",
            "speaker": "other_anti",
            "start": 0,
            "target": "Obama_campaign",
            "txt": "\"If any person in this entire debate has blood on their hands in regard to Medicare, it's Barack Obama.\""
        },
        {
            "aim": "dir",
            "bias": "inf",
            "end": 112,
            "id": "p8",
            "indirect-ally-opponent-sentiment": "",
            "indirect-target-name": "",
            "notes": "",
            "polarity": "neg",
            "quote": "no",
            "speaker": "",
            "start": 0,
            "target": "Romney_campaign",
            "txt": "As such, independent fact-checkers and news analysts alike have disputed the Romney campaign's characterization."
        },
        {
            "aim": "dir",
            "bias": "lex",
            "end": 54,
            "id": "p10",
            "indirect-ally-opponent-sentiment": "",
            "indirect-target-name": "",
            "notes": "",
            "polarity": "neg",
            "quote": "no",
            "speaker": "",
            "start": 48,
            "target": "Obama_campaign",
            "txt": "raided"
        },
        {
            "aim": "dir",
            "bias": "lex",
            "end": 80,
            "id": "p11",
            "indirect-ally-opponent-sentiment": "",
            "indirect-target-name": "",
            "notes": "",
            "polarity": "neg",
            "quote": "no",
            "speaker": "",
            "start": 73,
            "target": "Obama_campaign",
            "txt": "beat up"
        },
        {
            "aim": "dir",
            "bias": "inf",
            "end": 166,
            "id": "p21",
            "indirect-ally-opponent-sentiment": "",
            "indirect-target-name": "",
            "notes": "",
            "polarity": "neg",
            "quote": "no",
            "speaker": "",
            "start": 0,
            "target": "Obama_campaign",
            "txt": "FactCheck.org rated the Obama ad as \"false,\" noting that the McCain campaign wasn't talking about slashing benefits but limiting waste and slowing the rate of growth."
        },
        {
            "aim": "dir",
            "bias": "lex",
            "end": 66,
            "id": "p23",
            "indirect-ally-opponent-sentiment": "",
            "indirect-target-name": "",
            "notes": "",
            "polarity": "neg",
            "quote": "no",
            "speaker": "",
            "start": 59,
            "target": "Obama_campaign",
            "txt": "assault"
        },
        {
            "aim": "dir",
            "bias": "lex",
            "end": 117,
            "id": "p27",
            "indirect-ally-opponent-sentiment": "",
            "indirect-target-name": "",
            "notes": "",
            "polarity": "neg",
            "quote": "yes",
            "speaker": "Obama_campaign",
            "start": 107,
            "target": "Romney_campaign",
            "txt": "demagogued"
        },
        {
            "aim": "dir",
            "bias": "lex",
            "end": 61,
            "id": "p28",
            "indirect-ally-opponent-sentiment": "",
            "indirect-target-name": "",
            "notes": "",
            "polarity": "neg",
            "quote": "no",
            "speaker": "",
            "start": 54,
            "target": "Obama_campaign",
            "txt": "assault"
        }
    ],
    "triplet-uuid": "2ec04201-2016-4227-baf7-ba8289058203",
    "uuid": "847d3a62-f06b-449e-8be1-f864e4d88a2d"
}