{
    "article-level-annotations": {
        "author_feeling_Joe_Biden": "neu",
        "author_feeling_Paul_Ryan": "neu",
        "author_feeling_main_event": "neu",
        "notes": "",
        "relative_stance": "left",
        "you_feeling_Joe_Biden": "neu",
        "you_feeling_Paul_Ryan": "neu"
    },
    "phrase-level-annotations": [
        {
            "aim": "dir",
            "bias": "lex",
            "end": 322,
            "id": "p0",
            "indirect-ally-opponent-sentiment": "",
            "indirect-target-name": "",
            "notes": "",
            "polarity": "neg",
            "quote": "no",
            "speaker": "",
            "start": 280,
            "target": "Joe_Biden",
            "txt": "grins, guffaws, snickers and interruptions"
        },
        {
            "aim": "dir",
            "bias": "lex",
            "end": 208,
            "id": "p0",
            "indirect-ally-opponent-sentiment": "",
            "indirect-target-name": "",
            "notes": "",
            "polarity": "neg",
            "quote": "no",
            "speaker": "",
            "start": 198,
            "target": "Joe_Biden",
            "txt": "disdainful"
        },
        {
            "aim": "dir",
            "bias": "inf",
            "end": 77,
            "id": "p6",
            "indirect-ally-opponent-sentiment": "",
            "indirect-target-name": "",
            "notes": "",
            "polarity": "pos",
            "quote": "no",
            "speaker": "",
            "start": 0,
            "target": "Joe_Biden",
            "txt": "Biden went after the Romney/Ryan ticket with a directness that Obama did not."
        },
        {
            "aim": "dir",
            "bias": "inf",
            "end": 63,
            "id": "p5",
            "indirect-ally-opponent-sentiment": "",
            "indirect-target-name": "",
            "notes": "",
            "polarity": "pos",
            "quote": "no",
            "speaker": "",
            "start": 0,
            "target": "Joe_Biden",
            "txt": "But unlike Obama a week ago, he let few points go unchallenged."
        },
        {
            "aim": "dir",
            "bias": "inf",
            "end": 44,
            "id": "p27",
            "indirect-ally-opponent-sentiment": "",
            "indirect-target-name": "",
            "notes": "",
            "polarity": "neg",
            "quote": "yes",
            "speaker": "Joe_Biden",
            "start": 0,
            "target": "Paul_Ryan",
            "txt": "... Not a single thing he said is accurate.\""
        },
        {
            "aim": "dir",
            "bias": "inf",
            "end": 81,
            "id": "p26",
            "indirect-ally-opponent-sentiment": "",
            "indirect-target-name": "",
            "notes": "",
            "polarity": "neg",
            "quote": "yes",
            "speaker": "Joe_Biden",
            "start": 50,
            "target": "Paul_Ryan",
            "txt": "that's just a bunch of malarkey"
        },
        {
            "aim": "dir",
            "bias": "lex",
            "end": 118,
            "id": "p47",
            "indirect-ally-opponent-sentiment": "",
            "indirect-target-name": "",
            "notes": "",
            "polarity": "pos",
            "quote": "yes",
            "speaker": "other_pro",
            "start": 103,
            "target": "Joe_Biden",
            "txt": "\"happy warrior\""
        },
        {
            "aim": "dir",
            "bias": "inf",
            "end": 57,
            "id": "p2",
            "indirect-ally-opponent-sentiment": "",
            "indirect-target-name": "",
            "notes": "",
            "polarity": "neg",
            "quote": "no",
            "speaker": "",
            "start": 0,
            "target": "Joe_Biden",
            "txt": "But it was the vice president who set the aggressive tone"
        },
        {
            "aim": "dir",
            "bias": "inf",
            "end": 57,
            "id": "p4",
            "indirect-ally-opponent-sentiment": "",
            "indirect-target-name": "",
            "notes": "",
            "polarity": "neg",
            "quote": "no",
            "speaker": "",
            "start": 0,
            "target": "Joe_Biden",
            "txt": "He chuckled and smirked through many of Ryan's responses."
        }
    ],
    "triplet-uuid": "b5eefefb-2a33-45de-abe1-f855c94165f4",
    "uuid": "3f393d4e-1eb3-4a21-88c0-6897f13d96b7"
}