{
    "article-level-annotations": {
        "author_feeling_Joe_Biden": "neg",
        "author_feeling_Paul_Ryan": "neu",
        "author_feeling_main_event": "neu",
        "notes": "",
        "relative_stance": "right",
        "you_feeling_Joe_Biden": "neu",
        "you_feeling_Paul_Ryan": "neu"
    },
    "phrase-level-annotations": [
        {
            "aim": "dir",
            "bias": "lex",
            "end": 128,
            "id": "p2",
            "indirect-ally-opponent-sentiment": "",
            "indirect-target-name": "",
            "notes": "",
            "polarity": "neg",
            "quote": "no",
            "speaker": "",
            "start": 89,
            "target": "Joe_Biden",
            "txt": "shaking his head and scoffing pityingly"
        },
        {
            "aim": "dir",
            "bias": "lex",
            "end": 55,
            "id": "p3",
            "indirect-ally-opponent-sentiment": "",
            "indirect-target-name": "",
            "notes": "",
            "polarity": "neg",
            "quote": "no",
            "speaker": "",
            "start": 39,
            "target": "Paul_Ryan",
            "txt": "make the mistake"
        },
        {
            "aim": "ind_pro",
            "bias": "lex",
            "end": 119,
            "id": "p5",
            "indirect-ally-opponent-sentiment": "neg",
            "indirect-target-name": "Barack Obama",
            "notes": "",
            "polarity": "neg",
            "quote": "no",
            "speaker": "",
            "start": 113,
            "target": "Joe_Biden",
            "txt": "dismal"
        },
        {
            "aim": "dir",
            "bias": "inf",
            "end": 190,
            "id": "p7",
            "indirect-ally-opponent-sentiment": "",
            "indirect-target-name": "",
            "notes": "",
            "polarity": "neg",
            "quote": "no",
            "speaker": "",
            "start": 0,
            "target": "Joe_Biden",
            "txt": "He laughed at Mr. Ryan\u2019s remarks so often and so heartily that at times he seemed like a guest at a comedy club roast, not a vice president debating the fate of the nation with his opponent."
        },
        {
            "aim": "dir",
            "bias": "lex",
            "end": 164,
            "id": "p8",
            "indirect-ally-opponent-sentiment": "",
            "indirect-target-name": "",
            "notes": "",
            "polarity": "neg",
            "quote": "no",
            "speaker": "",
            "start": 140,
            "target": "Joe_Biden",
            "txt": "sheer blowhard intensity"
        },
        {
            "aim": "dir",
            "bias": "inf",
            "end": 118,
            "id": "p9",
            "indirect-ally-opponent-sentiment": "",
            "indirect-target-name": "",
            "notes": "",
            "polarity": "pos",
            "quote": "no",
            "speaker": "",
            "start": 0,
            "target": "Paul_Ryan",
            "txt": "Mr. Ryan tried to be respectful, listening to the vice president with a tilted head, choirboy smile and puppy-dog eyes"
        },
        {
            "aim": "dir",
            "bias": "inf",
            "end": 111,
            "id": "p11",
            "indirect-ally-opponent-sentiment": "",
            "indirect-target-name": "",
            "notes": "",
            "polarity": "neg",
            "quote": "no",
            "speaker": "",
            "start": 78,
            "target": "Joe_Biden",
            "txt": "unleash his inner barroom brawler"
        },
        {
            "aim": "dir",
            "bias": "lex",
            "end": 22,
            "id": "p12",
            "indirect-ally-opponent-sentiment": "",
            "indirect-target-name": "",
            "notes": "",
            "polarity": "neg",
            "quote": "no",
            "speaker": "",
            "start": 13,
            "target": "Joe_Biden",
            "txt": "contained"
        },
        {
            "aim": "dir",
            "bias": "inf",
            "end": 173,
            "id": "p14",
            "indirect-ally-opponent-sentiment": "",
            "indirect-target-name": "",
            "notes": "",
            "polarity": "neg",
            "quote": "no",
            "speaker": "",
            "start": 81,
            "target": "Joe_Biden",
            "txt": "singeing the young man across the table with patronizing grins, but mostly withering retorts"
        },
        {
            "aim": "dir",
            "bias": "inf",
            "end": 80,
            "id": "p15",
            "indirect-ally-opponent-sentiment": "",
            "indirect-target-name": "",
            "notes": "",
            "polarity": "neg",
            "quote": "no",
            "speaker": "",
            "start": 0,
            "target": "Joe_Biden",
            "txt": "His interruptive barrage was as relentless as his silent mugging for the camera."
        },
        {
            "aim": "dir",
            "bias": "lex",
            "end": 111,
            "id": "p17",
            "indirect-ally-opponent-sentiment": "",
            "indirect-target-name": "",
            "notes": "",
            "polarity": "neg",
            "quote": "no",
            "speaker": "",
            "start": 104,
            "target": "Paul_Ryan",
            "txt": "stiffly"
        }
    ],
    "triplet-uuid": "b5eefefb-2a33-45de-abe1-f855c94165f4",
    "uuid": "d9685b3e-e13f-4e69-9e93-3ec14c59e7e0"
}