{
    "article-level-annotations": {
        "author_feeling_Democrats": "neu",
        "author_feeling_John_Boehner": "neu",
        "author_feeling_Republicans": "neu",
        "author_feeling_main_event": "neu",
        "notes": "",
        "relative_stance": "center",
        "you_feeling_Democrats": "neu",
        "you_feeling_John_Boehner": "neu",
        "you_feeling_Republicans": "neu"
    },
    "phrase-level-annotations": [
        {
            "aim": "dir",
            "bias": "lex",
            "end": 100,
            "id": "p6",
            "indirect-ally-opponent-sentiment": "",
            "indirect-target-name": "",
            "notes": "",
            "polarity": "neg",
            "quote": "no",
            "speaker": "",
            "start": 79,
            "target": "Democrats",
            "txt": "clinging to a fragile"
        }
    ],
    "triplet-uuid": "f11c2566-848a-4e29-b8c5-4de0a81114e4",
    "uuid": "129e1589-1b56-41f7-9f3a-bea6caef5eb3"
}