{
    "article-level-annotations": {
        "author_feeling_Liz_Cheney": "neu",
        "author_feeling_Mary_Cheney": "neu",
        "author_feeling_main_event": "neu",
        "notes": "",
        "relative_stance": "center",
        "you_feeling_Liz_Cheney": "neu",
        "you_feeling_Mary_Cheney": "neu"
    },
    "phrase-level-annotations": [
        {
            "aim": "dir",
            "bias": "lex",
            "end": 97,
            "id": "p1",
            "indirect-ally-opponent-sentiment": "",
            "indirect-target-name": "",
            "notes": "",
            "polarity": "neg",
            "quote": "no",
            "speaker": "",
            "start": 92,
            "target": "Mary_Cheney",
            "txt": "blast"
        },
        {
            "aim": "dir",
            "bias": "lex",
            "end": 40,
            "id": "p8",
            "indirect-ally-opponent-sentiment": "",
            "indirect-target-name": "",
            "notes": "",
            "polarity": "neg",
            "quote": "no",
            "speaker": "",
            "start": 22,
            "target": "Mary_Cheney",
            "txt": "pulling no punches"
        },
        {
            "aim": "dir",
            "bias": "lex",
            "end": 141,
            "id": "p9",
            "indirect-ally-opponent-sentiment": "",
            "indirect-target-name": "",
            "notes": "",
            "polarity": "neg",
            "quote": "no",
            "speaker": "",
            "start": 130,
            "target": "Mary_Cheney",
            "txt": "internecine"
        }
    ],
    "triplet-uuid": "11c9f251-35c8-4452-b052-df9be61464c6",
    "uuid": "25af626f-79cd-464b-8efd-c36b5a96cb8b"
}