{
    "article-level-annotations": {
        "author_feeling_Liz_Cheney": "neu",
        "author_feeling_Mary_Cheney": "neu",
        "author_feeling_main_event": "neu",
        "notes": "",
        "relative_stance": "center",
        "you_feeling_Liz_Cheney": "neu",
        "you_feeling_Mary_Cheney": "neu"
    },
    "phrase-level-annotations": [
        {
            "aim": "dir",
            "bias": "lex",
            "end": 82,
            "id": "p0",
            "indirect-ally-opponent-sentiment": "",
            "indirect-target-name": "",
            "notes": "",
            "polarity": "neg",
            "quote": "no",
            "speaker": "",
            "start": 75,
            "target": "Liz_Cheney",
            "txt": "sharply"
        },
        {
            "aim": "dir",
            "bias": "lex",
            "end": 45,
            "id": "p10",
            "indirect-ally-opponent-sentiment": "",
            "indirect-target-name": "",
            "notes": "",
            "polarity": "pos",
            "quote": "no",
            "speaker": "",
            "start": 30,
            "target": "Mary_Cheney",
            "txt": "not shying away"
        },
        {
            "aim": "dir",
            "bias": "lex",
            "end": 28,
            "id": "p8",
            "indirect-ally-opponent-sentiment": "",
            "indirect-target-name": "",
            "notes": "",
            "polarity": "neg",
            "quote": "no",
            "speaker": "",
            "start": 21,
            "target": "Liz_Cheney",
            "txt": "placate"
        }
    ],
    "triplet-uuid": "11c9f251-35c8-4452-b052-df9be61464c6",
    "uuid": "c356e514-a20d-45e3-b1ad-159636013822"
}