{
    "article-level-annotations": {
        "author_feeling_Hillary_Clinton": "neg",
        "author_feeling_Obama_administration": "neg",
        "author_feeling_State_Department_officials": "neu",
        "author_feeling_main_event": "neu",
        "notes": "",
        "relative_stance": "right",
        "you_feeling_Hillary_Clinton": "neu",
        "you_feeling_Obama_administration": "neu",
        "you_feeling_State_Department_officials": "neu"
    },
    "phrase-level-annotations": [
        {
            "aim": "dir",
            "bias": "lex",
            "end": 76,
            "id": "p0",
            "indirect-ally-opponent-sentiment": "",
            "indirect-target-name": "",
            "notes": "",
            "polarity": "neg",
            "quote": "no",
            "speaker": "",
            "start": 66,
            "target": "Obama_administration",
            "txt": "story-line"
        },
        {
            "aim": "dir",
            "bias": "lex",
            "end": 168,
            "id": "p0",
            "indirect-ally-opponent-sentiment": "",
            "indirect-target-name": "",
            "notes": "",
            "polarity": "neg",
            "quote": "no",
            "speaker": "",
            "start": 161,
            "target": "Obama_administration",
            "txt": "failure"
        },
        {
            "aim": "dir",
            "bias": "lex",
            "end": 54,
            "id": "p3",
            "indirect-ally-opponent-sentiment": "",
            "indirect-target-name": "",
            "notes": "",
            "polarity": "neg",
            "quote": "no",
            "speaker": "",
            "start": 50,
            "target": "Obama_administration",
            "txt": "even"
        },
        {
            "aim": "dir",
            "bias": "inf",
            "end": 223,
            "id": "p9",
            "indirect-ally-opponent-sentiment": "",
            "indirect-target-name": "",
            "notes": "",
            "polarity": "neg",
            "quote": "no",
            "speaker": "",
            "start": 131,
            "target": "Obama_administration",
            "txt": "a key section of the cable, which remains classified, seemed to foreshadow the attack itself"
        },
        {
            "aim": "dir",
            "bias": "inf",
            "end": 137,
            "id": "p12",
            "indirect-ally-opponent-sentiment": "",
            "indirect-target-name": "",
            "notes": "",
            "polarity": "neg",
            "quote": "no",
            "speaker": "",
            "start": 55,
            "target": "Hillary_Clinton",
            "txt": "former diplomatic security agents have told Fox News amounted to a \"cry for help.\""
        },
        {
            "aim": "dir",
            "bias": "lex",
            "end": 211,
            "id": "p16",
            "indirect-ally-opponent-sentiment": "",
            "indirect-target-name": "",
            "notes": "",
            "polarity": "neg",
            "quote": "no",
            "speaker": "",
            "start": 201,
            "target": "Hillary_Clinton",
            "txt": "apparently"
        },
        {
            "aim": "dir",
            "bias": "lex",
            "end": 62,
            "id": "p19",
            "indirect-ally-opponent-sentiment": "",
            "indirect-target-name": "",
            "notes": "",
            "polarity": "neg",
            "quote": "yes",
            "speaker": "other_neutral",
            "start": 14,
            "target": "Hillary_Clinton",
            "txt": "\"I would call myself surprised that she didn't.\""
        },
        {
            "aim": "dir",
            "bias": "lex",
            "end": 379,
            "id": "p23",
            "indirect-ally-opponent-sentiment": "",
            "indirect-target-name": "",
            "notes": "",
            "polarity": "neg",
            "quote": "no",
            "speaker": "",
            "start": 370,
            "target": "State_Department_officials",
            "txt": "negligent"
        },
        {
            "aim": "dir",
            "bias": "inf",
            "end": 190,
            "id": "p24",
            "indirect-ally-opponent-sentiment": "",
            "indirect-target-name": "",
            "notes": "",
            "polarity": "neg",
            "quote": "yes",
            "speaker": "State_Department_officials",
            "start": 122,
            "target": "State_Department_officials",
            "txt": "\"demonstrated a lack of proactive leadership and management ability\""
        }
    ],
    "triplet-uuid": "1bb79cc1-5d69-4136-a23d-6dbd300cbf25",
    "uuid": "cb62fdc6-242a-4a95-9f03-44e1a1cd7ba2"
}