{
    "article-level-annotations": {
        "author_feeling_Barack_Obama": "neu",
        "author_feeling_lawmakers": "neu",
        "author_feeling_main_event": "neu",
        "notes": "",
        "relative_stance": "right",
        "you_feeling_Barack_Obama": "neu",
        "you_feeling_lawmakers": "neu"
    },
    "phrase-level-annotations": [
        {
            "aim": "dir",
            "bias": "lex",
            "end": 222,
            "id": "p1",
            "indirect-ally-opponent-sentiment": "",
            "indirect-target-name": "",
            "notes": "",
            "polarity": "neg",
            "quote": "no",
            "speaker": "",
            "start": 194,
            "target": "Barack_Obama",
            "txt": "without congressional action"
        },
        {
            "aim": "dir",
            "bias": "lex",
            "end": 12,
            "id": "p13",
            "indirect-ally-opponent-sentiment": "",
            "indirect-target-name": "",
            "notes": "",
            "polarity": "neg",
            "quote": "no",
            "speaker": "",
            "start": 0,
            "target": "Barack_Obama",
            "txt": "Unilaterally"
        },
        {
            "aim": "dir",
            "bias": "inf",
            "end": 153,
            "id": "p22",
            "indirect-ally-opponent-sentiment": "",
            "indirect-target-name": "",
            "notes": "",
            "polarity": "neg",
            "quote": "yes",
            "speaker": "other_anti",
            "start": 0,
            "target": "Barack_Obama",
            "txt": "President Obama is targeting the 2nd Amendment rights of law-abiding citizens instead of seriously addressing the real underlying causes of such violence"
        },
        {
            "aim": "dir",
            "bias": "lex",
            "end": 56,
            "id": "p29",
            "indirect-ally-opponent-sentiment": "",
            "indirect-target-name": "",
            "notes": "",
            "polarity": "neg",
            "quote": "yes",
            "speaker": "other_anti",
            "start": 37,
            "target": "Barack_Obama",
            "txt": "\"elitist hypocrite\""
        },
        {
            "aim": "dir",
            "bias": "inf",
            "end": 163,
            "id": "p8",
            "indirect-ally-opponent-sentiment": "",
            "indirect-target-name": "",
            "notes": "",
            "polarity": "pos",
            "quote": "no",
            "speaker": "",
            "start": 0,
            "target": "Barack_Obama",
            "txt": "The president was joined by four children who wrote to the White House about gun violence following the Connecticut mass shooting in which 20 children were killed."
        },
        {
            "aim": "dir",
            "bias": "inf",
            "end": 109,
            "id": "p20",
            "indirect-ally-opponent-sentiment": "",
            "indirect-target-name": "",
            "notes": "",
            "polarity": "neg",
            "quote": "yes",
            "speaker": "other_anti",
            "start": 53,
            "target": "Barack_Obama",
            "txt": "\"undermine Americans' constitutional right to bear arms\""
        },
        {
            "aim": "dir",
            "bias": "inf",
            "end": 82,
            "id": "p21",
            "indirect-ally-opponent-sentiment": "",
            "indirect-target-name": "",
            "notes": "",
            "polarity": "neg",
            "quote": "yes",
            "speaker": "other_anti",
            "start": 0,
            "target": "Barack_Obama",
            "txt": "\"Nothing the president is proposing would have stopped the massacre at Sandy Hook."
        },
        {
            "aim": "dir",
            "bias": "lex",
            "end": 31,
            "id": "p27",
            "indirect-ally-opponent-sentiment": "",
            "indirect-target-name": "",
            "notes": "",
            "polarity": "neg",
            "quote": "no",
            "speaker": "",
            "start": 26,
            "target": "lawmakers",
            "txt": "vowed"
        }
    ],
    "triplet-uuid": "526cabb7-02a3-4adb-8e90-ec781c40c498",
    "uuid": "1c959ea5-04d8-4155-97d2-eb32a5754c16"
}