{
    "article-level-annotations": {
        "author_feeling_Barack_Obama": "neu",
        "author_feeling_main_event": "neu",
        "notes": "",
        "relative_stance": "center",
        "you_feeling_Barack_Obama": "neu"
    },
    "phrase-level-annotations": [
        {
            "aim": "dir",
            "bias": "lex",
            "end": 40,
            "id": "p30",
            "indirect-ally-opponent-sentiment": "",
            "indirect-target-name": "",
            "notes": "",
            "polarity": "neg",
            "quote": "no",
            "speaker": "",
            "start": 33,
            "target": "Barack_Obama",
            "txt": "harshly"
        },
        {
            "aim": "dir",
            "bias": "inf",
            "end": 132,
            "id": "p31",
            "indirect-ally-opponent-sentiment": "",
            "indirect-target-name": "",
            "notes": "",
            "polarity": "neg",
            "quote": "yes",
            "speaker": "other_anti",
            "start": 0,
            "target": "Barack_Obama",
            "txt": "\"It is unfortunate that this administration continues to insist on pushing failed solutions to our nation's most pressing problems,\""
        },
        {
            "aim": "dir",
            "bias": "lex",
            "end": 120,
            "id": "p33",
            "indirect-ally-opponent-sentiment": "",
            "indirect-target-name": "",
            "notes": "",
            "polarity": "neg",
            "quote": "yes",
            "speaker": "other_anti",
            "start": 101,
            "target": "Barack_Obama",
            "txt": "\"elitist hypocrite\""
        },
        {
            "aim": "dir",
            "bias": "inf",
            "end": 121,
            "id": "p12",
            "indirect-ally-opponent-sentiment": "",
            "indirect-target-name": "",
            "notes": "",
            "polarity": "neg",
            "quote": "no",
            "speaker": "",
            "start": 0,
            "target": "Barack_Obama",
            "txt": "The approach is so sweeping that what would have otherwise been a headline-grabbing announcement received second billing."
        },
        {
            "aim": "dir",
            "bias": "inf",
            "end": 108,
            "id": "p16",
            "indirect-ally-opponent-sentiment": "",
            "indirect-target-name": "",
            "notes": "",
            "polarity": "pos",
            "quote": "yes",
            "speaker": "other_pro",
            "start": 28,
            "target": "Barack_Obama",
            "txt": "we're thrilled the president's putting the full weight of his office behind this"
        },
        {
            "aim": "ind_anti",
            "bias": "inf",
            "end": 41,
            "id": "p34",
            "indirect-ally-opponent-sentiment": "neg",
            "indirect-target-name": "NRA",
            "notes": "",
            "polarity": "pos",
            "quote": "no",
            "speaker": "",
            "start": 0,
            "target": "Barack_Obama",
            "txt": "But that attack appeared a bit premature."
        },
        {
            "aim": "dir",
            "bias": "lex",
            "end": 48,
            "id": "p1",
            "indirect-ally-opponent-sentiment": "",
            "indirect-target-name": "",
            "notes": "",
            "polarity": "pos",
            "quote": "no",
            "speaker": "",
            "start": 19,
            "target": "Barack_Obama",
            "txt": "bold and potentially historic"
        }
    ],
    "triplet-uuid": "526cabb7-02a3-4adb-8e90-ec781c40c498",
    "uuid": "2052529f-cc0f-4e4d-9221-2236094f7de6"
}