{
    "article-level-annotations": {
        "author_feeling_Asa_Hutchinson": "neu",
        "author_feeling_National_Rifle_Association": "neu",
        "author_feeling_main_event": "neg",
        "notes": "",
        "relative_stance": "center",
        "you_feeling_Asa_Hutchinson": "neu",
        "you_feeling_National_Rifle_Association": "neu"
    },
    "phrase-level-annotations": [
        {
            "aim": "dir",
            "bias": "lex",
            "end": 11,
            "id": "p11",
            "indirect-ally-opponent-sentiment": "",
            "indirect-target-name": "",
            "notes": "",
            "polarity": "neg",
            "quote": "no",
            "speaker": "",
            "start": 0,
            "target": "Asa_Hutchinson",
            "txt": "Technically"
        },
        {
            "aim": "dir",
            "bias": "inf",
            "end": 273,
            "id": "p13",
            "indirect-ally-opponent-sentiment": "",
            "indirect-target-name": "",
            "notes": "",
            "polarity": "neg",
            "quote": "yes",
            "speaker": "other_anti",
            "start": 113,
            "target": "National_Rifle_Association",
            "txt": "\u201cnothing more than a continuation of the N.R.A.\u2019s attempts to prey on America\u2019s fears, saturate our schools with more guns and turn them into armed fortresses.\u201d"
        },
        {
            "aim": "dir",
            "bias": "inf",
            "end": 86,
            "id": "p16",
            "indirect-ally-opponent-sentiment": "",
            "indirect-target-name": "",
            "notes": "",
            "polarity": "pos",
            "quote": "yes",
            "speaker": "other_pro",
            "start": 0,
            "target": "Asa_Hutchinson",
            "txt": "\u201cThis is a recommendation for solutions, real solutions that will make our kids safer."
        },
        {
            "aim": "dir",
            "bias": "inf",
            "end": 21,
            "id": "p17",
            "indirect-ally-opponent-sentiment": "",
            "indirect-target-name": "",
            "notes": "",
            "polarity": "pos",
            "quote": "yes",
            "speaker": "other_pro",
            "start": 0,
            "target": "Asa_Hutchinson",
            "txt": "That\u2019s what we need.\u201d"
        },
        {
            "aim": "dir",
            "bias": "inf",
            "end": 185,
            "id": "p25",
            "indirect-ally-opponent-sentiment": "",
            "indirect-target-name": "",
            "notes": "",
            "polarity": "pos",
            "quote": "no",
            "speaker": "",
            "start": 119,
            "target": "National_Rifle_Association",
            "txt": "a testimony to the rifle association\u2019s prowess as a lobbying force"
        },
        {
            "aim": "dir",
            "bias": "inf",
            "end": 216,
            "id": "p2",
            "indirect-ally-opponent-sentiment": "",
            "indirect-target-name": "",
            "notes": "",
            "polarity": "neg",
            "quote": "no",
            "speaker": "",
            "start": 139,
            "target": "Asa_Hutchinson",
            "txt": "unusually heavy security, including a bomb-sniffing yellow Labrador retriever"
        },
        {
            "aim": "dir",
            "bias": "inf",
            "end": 136,
            "id": "p3",
            "indirect-ally-opponent-sentiment": "",
            "indirect-target-name": "",
            "notes": "",
            "polarity": "neg",
            "quote": "no",
            "speaker": "",
            "start": 72,
            "target": "Asa_Hutchinson",
            "txt": "one warned photographers to \u201cremain stationary\u201d during the event"
        },
        {
            "aim": "dir",
            "bias": "inf",
            "end": 121,
            "id": "p9",
            "indirect-ally-opponent-sentiment": "",
            "indirect-target-name": "",
            "notes": "",
            "polarity": "neg",
            "quote": "yes",
            "speaker": "other_anti",
            "start": 0,
            "target": "Asa_Hutchinson",
            "txt": "I don\u2019t think the proper response is to arm all the projectionists in the movie theaters or all the vendors in the mall.\u201d"
        },
        {
            "aim": "dir",
            "bias": "inf",
            "end": 104,
            "id": "p23",
            "indirect-ally-opponent-sentiment": "",
            "indirect-target-name": "",
            "notes": "",
            "polarity": "neg",
            "quote": "no",
            "speaker": "",
            "start": 0,
            "target": "Asa_Hutchinson",
            "txt": "But how and whether the task force recommendations will be put into effect \u2014 and the cost \u2014 was unclear."
        }
    ],
    "triplet-uuid": "68748e7f-cf6e-4ac7-8504-454c0876880d",
    "uuid": "a550672c-45e6-42e2-b05a-93d025d0227c"
}