{
    "article-level-annotations": {
        "author_feeling_Hillary_Clinton": "neu",
        "author_feeling_Republican_Lawmakers": "neu",
        "author_feeling_main_event": "neu",
        "notes": "mixed with Republicans being aggressive and Democrats being evasive",
        "relative_stance": "center",
        "you_feeling_Hillary_Clinton": "neu",
        "you_feeling_Republican_Lawmakers": "neu"
    },
    "phrase-level-annotations": [
        {
            "aim": "dir",
            "bias": "inf",
            "end": 137,
            "id": "p4",
            "indirect-ally-opponent-sentiment": "",
            "indirect-target-name": "",
            "notes": "",
            "polarity": "neg",
            "quote": "no",
            "speaker": "",
            "start": 105,
            "target": "Hillary_Clinton",
            "txt": "quickly departed from the script"
        },
        {
            "aim": "dir",
            "bias": "inf",
            "end": 257,
            "id": "p5",
            "indirect-ally-opponent-sentiment": "",
            "indirect-target-name": "",
            "notes": "Clinton sounds angry",
            "polarity": "neg",
            "quote": "no",
            "speaker": "",
            "start": 0,
            "target": "Hillary_Clinton",
            "txt": "She jousted with Republican lawmakers over who deserved blame for the security problems at the compound, and choked up as she described being at Joint Base Andrews outside Washington when the bodies of the Americans killed in the assault arrived from Libya."
        },
        {
            "aim": "ind_pro",
            "bias": "inf",
            "end": 249,
            "id": "p22",
            "indirect-ally-opponent-sentiment": "neg",
            "indirect-target-name": "Obama's administration",
            "notes": "",
            "polarity": "neg",
            "quote": "no",
            "speaker": "",
            "start": 17,
            "target": "Hillary_Clinton",
            "txt": "repeatedly charged that Obama administration officials deliberately played down the attack, focusing much of their criticism on Susan E. Rice, the ambassador to the United Nations and once Mr. Obama\u2019s choice to succeed Mrs. Clinton."
        },
        {
            "aim": "dir",
            "bias": "lex",
            "end": 114,
            "id": "p1",
            "indirect-ally-opponent-sentiment": "",
            "indirect-target-name": "",
            "notes": "",
            "polarity": "neg",
            "quote": "no",
            "speaker": "",
            "start": 104,
            "target": "Hillary_Clinton",
            "txt": "vigorously"
        },
        {
            "aim": "dir",
            "bias": "inf",
            "end": 103,
            "id": "p2",
            "indirect-ally-opponent-sentiment": "",
            "indirect-target-name": "",
            "notes": "",
            "polarity": "pos",
            "quote": "yes",
            "speaker": "Hillary_Clinton",
            "start": 0,
            "target": "Hillary_Clinton",
            "txt": "\u201cAs I have said many times, I take responsibility, and nobody is more committed to getting this right,\u201d"
        },
        {
            "aim": "dir",
            "bias": "inf",
            "end": 82,
            "id": "p24",
            "indirect-ally-opponent-sentiment": "",
            "indirect-target-name": "",
            "notes": "",
            "polarity": "neg",
            "quote": "no",
            "speaker": "",
            "start": 66,
            "target": "Hillary_Clinton",
            "txt": "her voice rising"
        },
        {
            "aim": "dir",
            "bias": "lex",
            "end": 127,
            "id": "p35",
            "indirect-ally-opponent-sentiment": "",
            "indirect-target-name": "",
            "notes": "",
            "polarity": "neg",
            "quote": "no",
            "speaker": "",
            "start": 117,
            "target": "Republican_Lawmakers",
            "txt": "complained"
        }
    ],
    "triplet-uuid": "9879bbc0-eab3-482f-bf6b-a4b519393986",
    "uuid": "38bb4694-1254-4475-b9ae-2cbb7b24ac0e"
}