{
    "article-level-annotations": {
        "author_feeling_Michael_Steele": "neg",
        "author_feeling_main_event": "neu",
        "notes": "this article is critical of Steele, and chooses quotes from his critics with a higher intensity",
        "relative_stance": "liberal",
        "you_feeling_Michael_Steele": "neu"
    },
    "phrase-level-annotations": [
        {
            "aim": "dir",
            "bias": "lex",
            "end": 125,
            "id": "p13",
            "indirect-ally-opponent-sentiment": "",
            "indirect-target-name": "",
            "notes": "",
            "polarity": "neg",
            "quote": "yes",
            "speaker": "other_anti",
            "start": 101,
            "target": "Michael_Steele",
            "txt": "\u201cutterly irresponsible.\u201d"
        },
        {
            "aim": "dir",
            "bias": "inf",
            "end": 69,
            "id": "p20",
            "indirect-ally-opponent-sentiment": "",
            "indirect-target-name": "",
            "notes": "",
            "polarity": "neg",
            "quote": "no",
            "speaker": "",
            "start": 59,
            "target": "Michael_Steele",
            "txt": "once again"
        },
        {
            "aim": "dir",
            "bias": "inf",
            "end": 15,
            "id": "p8",
            "indirect-ally-opponent-sentiment": "",
            "indirect-target-name": "",
            "notes": "",
            "polarity": "neg",
            "quote": "yes",
            "speaker": "other_anti",
            "start": 0,
            "target": "Michael_Steele",
            "txt": "It\u2019s an affront"
        },
        {
            "aim": "dir",
            "bias": "inf",
            "end": 285,
            "id": "p7",
            "indirect-ally-opponent-sentiment": "",
            "indirect-target-name": "",
            "notes": "",
            "polarity": "neg",
            "quote": "yes",
            "speaker": "other_anti",
            "start": 243,
            "target": "Michael_Steele",
            "txt": "your comment is more than an embarrassment"
        },
        {
            "aim": "dir",
            "bias": "inf",
            "end": 58,
            "id": "p16",
            "indirect-ally-opponent-sentiment": "",
            "indirect-target-name": "",
            "notes": "",
            "polarity": "neg",
            "quote": "yes",
            "speaker": "other_anti",
            "start": 0,
            "target": "Michael_Steele",
            "txt": "\u201cIt\u2019s completely inconsistent with this latest statement,\u201d"
        },
        {
            "aim": "dir",
            "bias": "inf",
            "end": 281,
            "id": "p14",
            "indirect-ally-opponent-sentiment": "",
            "indirect-target-name": "",
            "notes": "",
            "polarity": "neg",
            "quote": "no",
            "speaker": "",
            "start": 177,
            "target": "Michael_Steele",
            "txt": "Steele\u2019s RNC actually sponsored a conference call for his group to praise Obama\u2019s Afghan surge last year"
        },
        {
            "aim": "dir",
            "bias": "lex",
            "end": 109,
            "id": "p15",
            "indirect-ally-opponent-sentiment": "",
            "indirect-target-name": "",
            "notes": "",
            "polarity": "neg",
            "quote": "no",
            "speaker": "",
            "start": 102,
            "target": "Michael_Steele",
            "txt": "far cry"
        }
    ],
    "triplet-uuid": "2b95d2cf-e979-4f9c-ae27-9a5370934f23",
    "uuid": "f03b6656-7eb7-4446-968a-d6aa805fd4a3"
}