{
    "article-level-annotations": {
        "author_feeling_NAACP": "neg",
        "author_feeling_Tea_Party": "neu",
        "author_feeling_main_event": "neg",
        "notes": "",
        "relative_stance": "conservative",
        "you_feeling_NAACP": "neu",
        "you_feeling_Tea_Party": "neu"
    },
    "phrase-level-annotations": [
        {
            "aim": "dir",
            "bias": "inf",
            "end": 98,
            "id": "p5",
            "indirect-ally-opponent-sentiment": "",
            "indirect-target-name": "",
            "notes": "",
            "polarity": "neg",
            "quote": "yes",
            "speaker": "NAACP",
            "start": 28,
            "target": "Tea_Party",
            "txt": "the Tea Party's continued tolerance for bigotry and bigoted statements"
        },
        {
            "aim": "dir",
            "bias": "inf",
            "end": 166,
            "id": "p8",
            "indirect-ally-opponent-sentiment": "",
            "indirect-target-name": "",
            "notes": "",
            "polarity": "neg",
            "quote": "no",
            "speaker": "",
            "start": 104,
            "target": "NAACP",
            "txt": "no visual evidence has been produced depicting a racist attack"
        },
        {
            "aim": "dir",
            "bias": "inf",
            "end": 184,
            "id": "p2",
            "indirect-ally-opponent-sentiment": "",
            "indirect-target-name": "",
            "notes": "",
            "polarity": "neg",
            "quote": "yes",
            "speaker": "NAACP",
            "start": 132,
            "target": "Tea_Party",
            "txt": "\"push our country back to the pre-civil rights era,\""
        },
        {
            "aim": "dir",
            "bias": "inf",
            "end": 154,
            "id": "p13",
            "indirect-ally-opponent-sentiment": "",
            "indirect-target-name": "",
            "notes": "",
            "polarity": "neg",
            "quote": "yes",
            "speaker": "Tea_Party",
            "start": 119,
            "target": "NAACP",
            "txt": "\"partisan attack dog organization.\""
        },
        {
            "aim": "dir",
            "bias": "inf",
            "end": 147,
            "id": "p23",
            "indirect-ally-opponent-sentiment": "",
            "indirect-target-name": "",
            "notes": "",
            "polarity": "neg",
            "quote": "yes",
            "speaker": "Tea_Party",
            "start": 0,
            "target": "NAACP",
            "txt": "\"When you look at the crime and poverty and family breakdown of the African-American community ... you see a half-century of failure by the NAACP,\""
        },
        {
            "aim": "dir",
            "bias": "inf",
            "end": 216,
            "id": "p24",
            "indirect-ally-opponent-sentiment": "",
            "indirect-target-name": "",
            "notes": "",
            "polarity": "pos",
            "quote": "yes",
            "speaker": "Tea_Party",
            "start": 0,
            "target": "Tea_Party",
            "txt": "\"None of those persistent problems was caused by the Tea Party movement, yet the principles of the Tea Party are exactly what's needed to wind down the multigenerational destruction in the African-American community."
        },
        {
            "aim": "dir",
            "bias": "inf",
            "end": 110,
            "id": "p26",
            "indirect-ally-opponent-sentiment": "",
            "indirect-target-name": "",
            "notes": "",
            "polarity": "neg",
            "quote": "yes",
            "speaker": "Tea_Party",
            "start": 0,
            "target": "NAACP",
            "txt": "All that's left is a bigoted and malicious shell that does far more harm than good for people who need a break"
        },
        {
            "aim": "dir",
            "bias": "inf",
            "end": 187,
            "id": "p20",
            "indirect-ally-opponent-sentiment": "",
            "indirect-target-name": "",
            "notes": "\"routinely\" suggests stronger correlation between racists and Tea Party movement",
            "polarity": "neg",
            "quote": "no",
            "speaker": "",
            "start": 0,
            "target": "Tea_Party",
            "txt": "Tea Party organizers routinely defend themselves against charges of racism, disavowing racially charged signs that appear in their protest crowds and provide fodder for Tea Party critics."
        },
        {
            "aim": "dir",
            "bias": "inf",
            "end": 41,
            "id": "p28",
            "indirect-ally-opponent-sentiment": "",
            "indirect-target-name": "",
            "notes": "",
            "polarity": "neg",
            "quote": "yes",
            "speaker": "Tea_Party",
            "start": 0,
            "target": "NAACP",
            "txt": "\u201cThey no longer prioritize civil rights,\u201d"
        }
    ],
    "triplet-uuid": "97b1305c-13ca-4b74-a56a-f459bd79dfaf",
    "uuid": "93ba0f89-9a38-4100-bdbe-6f4d9c06b1ff"
}