{
    "article-level-annotations": {
        "author_feeling_Barack_Obama": "neu",
        "author_feeling_main_event": "neg",
        "author_feeling_senate_Democrats": "neu",
        "notes": "",
        "relative_stance": "center",
        "you_feeling_Barack_Obama": "neu",
        "you_feeling_senate_Democrats": "neu"
    },
    "phrase-level-annotations": [
        {
            "aim": "dir",
            "bias": "lex",
            "end": 178,
            "id": "p8",
            "indirect-ally-opponent-sentiment": "",
            "indirect-target-name": "",
            "notes": "",
            "polarity": "neg",
            "quote": "no",
            "speaker": "",
            "start": 172,
            "target": "senate_Democrats",
            "txt": "uproar"
        },
        {
            "aim": "ind_pro",
            "bias": "lex",
            "end": 260,
            "id": "p12",
            "indirect-ally-opponent-sentiment": "neg",
            "indirect-target-name": "White House",
            "notes": "",
            "polarity": "neg",
            "quote": "no",
            "speaker": "",
            "start": 253,
            "target": "Barack_Obama",
            "txt": "obscure"
        },
        {
            "aim": "dir",
            "bias": "lex",
            "end": 144,
            "id": "p17",
            "indirect-ally-opponent-sentiment": "",
            "indirect-target-name": "",
            "notes": "",
            "polarity": "neg",
            "quote": "yes",
            "speaker": "other_pro",
            "start": 122,
            "target": "senate_Democrats",
            "txt": "\u201cgoing to get screwed\u201d"
        },
        {
            "aim": "dir",
            "bias": "inf",
            "end": 157,
            "id": "p22",
            "indirect-ally-opponent-sentiment": "",
            "indirect-target-name": "",
            "notes": "",
            "polarity": "neg",
            "quote": "yes",
            "speaker": "senate_Democrats",
            "start": 133,
            "target": "Barack_Obama",
            "txt": "\u201cfiscally irresponsible\u201d"
        },
        {
            "aim": "dir",
            "bias": "inf",
            "end": 179,
            "id": "p22",
            "indirect-ally-opponent-sentiment": "",
            "indirect-target-name": "",
            "notes": "",
            "polarity": "neg",
            "quote": "yes",
            "speaker": "senate_Democrats",
            "start": 162,
            "target": "Barack_Obama",
            "txt": "\u201cgrossly unfair.\u201d"
        },
        {
            "aim": "dir",
            "bias": "lex",
            "end": 114,
            "id": "p2",
            "indirect-ally-opponent-sentiment": "",
            "indirect-target-name": "",
            "notes": "",
            "polarity": "neg",
            "quote": "no",
            "speaker": "",
            "start": 109,
            "target": "Barack_Obama",
            "txt": "caved"
        },
        {
            "aim": "ind_pro",
            "bias": "lex",
            "end": 91,
            "id": "p11",
            "indirect-ally-opponent-sentiment": "neg",
            "indirect-target-name": "White House",
            "notes": "",
            "polarity": "neg",
            "quote": "no",
            "speaker": "",
            "start": 76,
            "target": "Barack_Obama",
            "txt": "message machine"
        },
        {
            "aim": "ind_pro",
            "bias": "inf",
            "end": 37,
            "id": "p29",
            "indirect-ally-opponent-sentiment": "neg",
            "indirect-target-name": "White House",
            "notes": "",
            "polarity": "neg",
            "quote": "yes",
            "speaker": "senate_Democrats",
            "start": 0,
            "target": "Barack_Obama",
            "txt": "I don\u2019t feel that I should be coerced"
        }
    ],
    "triplet-uuid": "df5fe55a-dfcb-4817-8631-830f47c21a72",
    "uuid": "034fcbed-493e-472f-9df0-10b94ca95276"
}