{
    "article-level-annotations": {
        "author_feeling_Chris_Christie": "neg",
        "author_feeling_main_event": "neu",
        "notes": "",
        "relative_stance": "left",
        "you_feeling_Chris_Christie": "neu"
    },
    "phrase-level-annotations": [
        {
            "aim": "dir",
            "bias": "inf",
            "end": 44,
            "id": "p1",
            "indirect-ally-opponent-sentiment": "",
            "indirect-target-name": "",
            "notes": "",
            "polarity": "neg",
            "quote": "no",
            "speaker": "",
            "start": 24,
            "target": "Chris_Christie",
            "txt": "and perhaps his last"
        },
        {
            "aim": "dir",
            "bias": "inf",
            "end": 82,
            "id": "p3",
            "indirect-ally-opponent-sentiment": "",
            "indirect-target-name": "",
            "notes": "",
            "polarity": "neg",
            "quote": "no",
            "speaker": "",
            "start": 45,
            "target": "Chris_Christie",
            "txt": "raising his voice to a shout at times"
        },
        {
            "aim": "dir",
            "bias": "lex",
            "end": 14,
            "id": "p6",
            "indirect-ally-opponent-sentiment": "",
            "indirect-target-name": "",
            "notes": "",
            "polarity": "neg",
            "quote": "no",
            "speaker": "",
            "start": 10,
            "target": "Chris_Christie",
            "txt": "claw"
        },
        {
            "aim": "dir",
            "bias": "lex",
            "end": 28,
            "id": "p12",
            "indirect-ally-opponent-sentiment": "",
            "indirect-target-name": "",
            "notes": "",
            "polarity": "pos",
            "quote": "no",
            "speaker": "",
            "start": 20,
            "target": "Chris_Christie",
            "txt": "dazzling"
        },
        {
            "aim": "dir",
            "bias": "lex",
            "end": 112,
            "id": "p12",
            "indirect-ally-opponent-sentiment": "",
            "indirect-target-name": "",
            "notes": "",
            "polarity": "neg",
            "quote": "no",
            "speaker": "",
            "start": 101,
            "target": "Chris_Christie",
            "txt": "spectacular"
        },
        {
            "aim": "dir",
            "bias": "inf",
            "end": 107,
            "id": "p13",
            "indirect-ally-opponent-sentiment": "",
            "indirect-target-name": "",
            "notes": "",
            "polarity": "neg",
            "quote": "no",
            "speaker": "",
            "start": 50,
            "target": "Chris_Christie",
            "txt": "a cascade of ugly credit downgrades and anemic job growth"
        },
        {
            "aim": "dir",
            "bias": "inf",
            "end": 100,
            "id": "p14",
            "indirect-ally-opponent-sentiment": "",
            "indirect-target-name": "",
            "notes": "",
            "polarity": "neg",
            "quote": "no",
            "speaker": "",
            "start": 45,
            "target": "Chris_Christie",
            "txt": "descended into a morass of missed payments and lawsuits"
        },
        {
            "aim": "dir",
            "bias": "inf",
            "end": 152,
            "id": "p15",
            "indirect-ally-opponent-sentiment": "",
            "indirect-target-name": "",
            "notes": "",
            "polarity": "neg",
            "quote": "no",
            "speaker": "",
            "start": 0,
            "target": "Chris_Christie",
            "txt": "The administration he pledged would be a paragon of ethics has instead conspired to mire an entire town in traffic and the governor\u2019s office in scandal."
        },
        {
            "aim": "dir",
            "bias": "lex",
            "end": 103,
            "id": "p25",
            "indirect-ally-opponent-sentiment": "",
            "indirect-target-name": "",
            "notes": "",
            "polarity": "pos",
            "quote": "no",
            "speaker": "",
            "start": 93,
            "target": "Chris_Christie",
            "txt": "remarkable"
        },
        {
            "aim": "dir",
            "bias": "inf",
            "end": 63,
            "id": "p35",
            "indirect-ally-opponent-sentiment": "",
            "indirect-target-name": "",
            "notes": "",
            "polarity": "neg",
            "quote": "no",
            "speaker": "",
            "start": 0,
            "target": "Chris_Christie",
            "txt": "Without a text, Mr. Christie frequently descended into clich\u00e9s."
        },
        {
            "aim": "dir",
            "bias": "inf",
            "end": 195,
            "id": "p0",
            "indirect-ally-opponent-sentiment": "",
            "indirect-target-name": "",
            "notes": "",
            "polarity": "neg",
            "quote": "no",
            "speaker": "",
            "start": 163,
            "target": "Chris_Christie",
            "txt": "a high regard for his own candor"
        },
        {
            "aim": "dir",
            "bias": "inf",
            "end": 216,
            "id": "p4",
            "indirect-ally-opponent-sentiment": "",
            "indirect-target-name": "",
            "notes": "",
            "polarity": "pos",
            "quote": "no",
            "speaker": "",
            "start": 171,
            "target": "Chris_Christie",
            "txt": "he was president of his class all three years"
        },
        {
            "aim": "dir",
            "bias": "inf",
            "end": 87,
            "id": "p29",
            "indirect-ally-opponent-sentiment": "",
            "indirect-target-name": "",
            "notes": "",
            "polarity": "neg",
            "quote": "no",
            "speaker": "",
            "start": 0,
            "target": "Chris_Christie",
            "txt": "Such single-mindedness belies the serious and stubborn vulnerabilities of his campaign."
        }
    ],
    "triplet-uuid": "13792511-5142-449f-8d3e-d77d790f65ec",
    "uuid": "43e30ed6-f9c4-4d7a-842b-0d9fb2dbeab4"
}