{
    "article-level-annotations": {
        "author_feeling_Ed_Murray": "neu",
        "author_feeling_Jay_Inslee": "neu",
        "author_feeling_Mike_Pence": "neg",
        "author_feeling_Religious_Freedom_Restoration_Act": "neg",
        "author_feeling_main_event": "pos",
        "notes": "Attacks Pence more than the other two",
        "relative_stance": "left",
        "you_feeling_Ed_Murray": "neu",
        "you_feeling_Jay_Inslee": "neu",
        "you_feeling_Mike_Pence": "neu",
        "you_feeling_Religious_Freedom_Restoration_Act": "neu"
    },
    "phrase-level-annotations": [
        {
            "aim": "dir",
            "bias": "inf",
            "end": 147,
            "id": "p4",
            "indirect-ally-opponent-sentiment": "",
            "indirect-target-name": "",
            "notes": "",
            "polarity": "neg",
            "quote": "yes",
            "speaker": "Jay_Inslee",
            "start": 0,
            "target": "Religious_Freedom_Restoration_Act",
            "txt": "\"Washington will join other states and cities in opposing this law and I will impose an administration-wide ban on state-funded travel to Indiana.\""
        },
        {
            "aim": "dir",
            "bias": "inf",
            "end": 27,
            "id": "p8",
            "indirect-ally-opponent-sentiment": "",
            "indirect-target-name": "",
            "notes": "",
            "polarity": "neg",
            "quote": "yes",
            "speaker": "Ed_Murray",
            "start": 0,
            "target": "Religious_Freedom_Restoration_Act",
            "txt": "\u201cThat\u2019s just equality 101.\u201d"
        },
        {
            "aim": "dir",
            "bias": "inf",
            "end": 119,
            "id": "p18",
            "indirect-ally-opponent-sentiment": "",
            "indirect-target-name": "",
            "notes": "",
            "polarity": "pos",
            "quote": "no",
            "speaker": "",
            "start": 0,
            "target": "Religious_Freedom_Restoration_Act",
            "txt": "Aside from Indiana, 15 other states have introduced legislation in 2015 to craft or alter their religious freedom laws."
        },
        {
            "aim": "dir",
            "bias": "inf",
            "end": 159,
            "id": "p24",
            "indirect-ally-opponent-sentiment": "",
            "indirect-target-name": "",
            "notes": "",
            "polarity": "neg",
            "quote": "no",
            "speaker": "",
            "start": 0,
            "target": "Mike_Pence",
            "txt": "Long and Bosma also conceded they called the press conference because Pence failed to clearly explain the law during an appearance Sunday on ABC\u2019s \u201cThis Week.\u201d"
        },
        {
            "aim": "dir",
            "bias": "inf",
            "end": 64,
            "id": "p26",
            "indirect-ally-opponent-sentiment": "",
            "indirect-target-name": "",
            "notes": "",
            "polarity": "neg",
            "quote": "no",
            "speaker": "",
            "start": 9,
            "target": "Mike_Pence",
            "txt": "he did not answer directly when asked six times whether"
        },
        {
            "aim": "dir",
            "bias": "inf",
            "end": 105,
            "id": "p31",
            "indirect-ally-opponent-sentiment": "",
            "indirect-target-name": "",
            "notes": "",
            "polarity": "neg",
            "quote": "yes",
            "speaker": "other_neutral",
            "start": 0,
            "target": "Religious_Freedom_Restoration_Act",
            "txt": "\u201cWe are especially concerned about how this legislation could affect our student-athletes and employees,\u201d"
        },
        {
            "aim": "dir",
            "bias": "lex",
            "end": 36,
            "id": "p3",
            "indirect-ally-opponent-sentiment": "",
            "indirect-target-name": "",
            "notes": "",
            "polarity": "neg",
            "quote": "yes",
            "speaker": "Jay_Inslee",
            "start": 26,
            "target": "Religious_Freedom_Restoration_Act",
            "txt": "disturbing"
        },
        {
            "aim": "dir",
            "bias": "inf",
            "end": 64,
            "id": "p7",
            "indirect-ally-opponent-sentiment": "",
            "indirect-target-name": "",
            "notes": "",
            "polarity": "neg",
            "quote": "yes",
            "speaker": "Ed_Murray",
            "start": 0,
            "target": "Religious_Freedom_Restoration_Act",
            "txt": "\u201cSeattleites know that discrimination has no place in our city,\u201d"
        },
        {
            "aim": "dir",
            "bias": "inf",
            "end": 36,
            "id": "p15",
            "indirect-ally-opponent-sentiment": "",
            "indirect-target-name": "",
            "notes": "",
            "polarity": "pos",
            "quote": "yes",
            "speaker": "other_pro",
            "start": 0,
            "target": "Religious_Freedom_Restoration_Act",
            "txt": "\u201cThe new law does not discriminate,\u201d"
        },
        {
            "aim": "dir",
            "bias": "inf",
            "end": 179,
            "id": "p35",
            "indirect-ally-opponent-sentiment": "",
            "indirect-target-name": "",
            "notes": "",
            "polarity": "neg",
            "quote": "yes",
            "speaker": "other_anti",
            "start": 43,
            "target": "Religious_Freedom_Restoration_Act",
            "txt": "\u201cIndiana are you also going to allow Christian establishments to ban Jews from coming in? Or Vice Versa? Religious freedom??? #OUTRAGE.\u201d"
        }
    ],
    "triplet-uuid": "4f473faf-f928-4cfd-8bed-00578be9db9a",
    "uuid": "19e13838-5b2c-469b-a473-0cb10e093330"
}