{
    "article-level-annotations": {
        "author_feeling_Mike_Pence": "neg",
        "author_feeling_Religious_Freedom_Restoration_Act": "neg",
        "author_feeling_main_event": "neg",
        "notes": "",
        "relative_stance": "center",
        "you_feeling_Mike_Pence": "neu",
        "you_feeling_Religious_Freedom_Restoration_Act": "sli-neg"
    },
    "phrase-level-annotations": [
        {
            "aim": "dir",
            "bias": "lex",
            "end": 75,
            "id": "p0",
            "indirect-ally-opponent-sentiment": "",
            "indirect-target-name": "",
            "notes": "",
            "polarity": "neg",
            "quote": "no",
            "speaker": "",
            "start": 66,
            "target": "Religious_Freedom_Restoration_Act",
            "txt": "firestorm"
        },
        {
            "aim": "dir",
            "bias": "inf",
            "end": 144,
            "id": "p2",
            "indirect-ally-opponent-sentiment": "",
            "indirect-target-name": "",
            "notes": "",
            "polarity": "neg",
            "quote": "no",
            "speaker": "",
            "start": 122,
            "target": "Mike_Pence",
            "txt": "but offered no details"
        },
        {
            "aim": "dir",
            "bias": "inf",
            "end": 133,
            "id": "p11",
            "indirect-ally-opponent-sentiment": "",
            "indirect-target-name": "",
            "notes": "",
            "polarity": "neg",
            "quote": "no",
            "speaker": "",
            "start": 0,
            "target": "Mike_Pence",
            "txt": "Mr. Pence did not directly answer whether the law might protect, for example, a Christian florist who denied service to a gay couple."
        },
        {
            "aim": "dir",
            "bias": "inf",
            "end": 138,
            "id": "p14",
            "indirect-ally-opponent-sentiment": "",
            "indirect-target-name": "",
            "notes": "",
            "polarity": "neg",
            "quote": "no",
            "speaker": "",
            "start": 0,
            "target": "Religious_Freedom_Restoration_Act",
            "txt": "Marc Benioff, the chief executive officer of Salesforce.com, said on Thursday that his company would halt all corporate travel to Indiana."
        },
        {
            "aim": "dir",
            "bias": "inf",
            "end": 121,
            "id": "p15",
            "indirect-ally-opponent-sentiment": "",
            "indirect-target-name": "",
            "notes": "",
            "polarity": "neg",
            "quote": "no",
            "speaker": "",
            "start": 0,
            "target": "Religious_Freedom_Restoration_Act",
            "txt": "On Saturday, Mayor Ed Murray of Seattle announced a ban on city employees traveling to Indiana for work using city funds."
        },
        {
            "aim": "dir",
            "bias": "inf",
            "end": 169,
            "id": "p16",
            "indirect-ally-opponent-sentiment": "",
            "indirect-target-name": "",
            "notes": "",
            "polarity": "neg",
            "quote": "no",
            "speaker": "",
            "start": 0,
            "target": "Religious_Freedom_Restoration_Act",
            "txt": "The same day, Bill Oesterle, the chief executive officer of Angie\u2019s List, said his company would abandon a deal with Indiana and Indianapolis to expand its headquarters."
        },
        {
            "aim": "dir",
            "bias": "inf",
            "end": 132,
            "id": "p19",
            "indirect-ally-opponent-sentiment": "",
            "indirect-target-name": "",
            "notes": "",
            "polarity": "neg",
            "quote": "no",
            "speaker": "",
            "start": 0,
            "target": "Religious_Freedom_Restoration_Act",
            "txt": "In a statement on Thursday, the N.C.A.A. president, Mark Emmert, said the organization was \u201cdeeply concerned\u201d about the legislation."
        },
        {
            "aim": "dir",
            "bias": "inf",
            "end": 54,
            "id": "p5",
            "indirect-ally-opponent-sentiment": "",
            "indirect-target-name": "",
            "notes": "",
            "polarity": "pos",
            "quote": "yes",
            "speaker": "Mike_Pence",
            "start": 0,
            "target": "Mike_Pence",
            "txt": "\u201cI support religious liberty, and I support this law,\u201d"
        },
        {
            "aim": "dir",
            "bias": "lex",
            "end": 54,
            "id": "p21",
            "indirect-ally-opponent-sentiment": "",
            "indirect-target-name": "",
            "notes": "",
            "polarity": "neg",
            "quote": "no",
            "speaker": "",
            "start": 46,
            "target": "Mike_Pence",
            "txt": "headache"
        },
        {
            "aim": "dir",
            "bias": "inf",
            "end": 129,
            "id": "p23",
            "indirect-ally-opponent-sentiment": "",
            "indirect-target-name": "",
            "notes": "",
            "polarity": "pos",
            "quote": "no",
            "speaker": "",
            "start": 0,
            "target": "Mike_Pence",
            "txt": "Indiana\u2019s bill was drafted from a version that President Obama voted for when he was a state senator in Illinois, Mr. Pence said."
        },
        {
            "aim": "dir",
            "bias": "inf",
            "end": 50,
            "id": "p28",
            "indirect-ally-opponent-sentiment": "",
            "indirect-target-name": "",
            "notes": "",
            "polarity": "neg",
            "quote": "no",
            "speaker": "",
            "start": 0,
            "target": "Mike_Pence",
            "txt": "\u201cThat\u2019s not on my agenda,\u201d he said on \u201cThis Week.\u201d"
        }
    ],
    "triplet-uuid": "4f473faf-f928-4cfd-8bed-00578be9db9a",
    "uuid": "0be5b4d1-ad0c-4f8a-8f78-29bfcde0cb52"
}