{
    "article-level-annotations": {
        "author_feeling_Barack_Obama": "neg",
        "author_feeling_Marco_Rubio": "neu",
        "author_feeling_main_event": "neu",
        "notes": "",
        "relative_stance": "right",
        "you_feeling_Barack_Obama": "neu",
        "you_feeling_Marco_Rubio": "neu"
    },
    "phrase-level-annotations": [
        {
            "aim": "dir",
            "bias": "inf",
            "end": 123,
            "id": "p4",
            "indirect-ally-opponent-sentiment": "",
            "indirect-target-name": "",
            "notes": "",
            "polarity": "neg",
            "quote": "no",
            "speaker": "",
            "start": 108,
            "target": "Marco_Rubio",
            "txt": "the 43-year-old"
        },
        {
            "aim": "dir",
            "bias": "inf",
            "end": 306,
            "id": "p7",
            "indirect-ally-opponent-sentiment": "",
            "indirect-target-name": "",
            "notes": "",
            "polarity": "neg",
            "quote": "no",
            "speaker": "",
            "start": 39,
            "target": "Barack_Obama",
            "txt": "Obama as a president so concerned with softening any perception other nations has of the United States as a bully that he erred in acting in the other extreme, eager to acquiesce to foreign governments that have thumbed their noses at the U.S. and international laws."
        },
        {
            "aim": "dir",
            "bias": "inf",
            "end": 92,
            "id": "p8",
            "indirect-ally-opponent-sentiment": "",
            "indirect-target-name": "",
            "notes": "",
            "polarity": "neg",
            "quote": "yes",
            "speaker": "Marco_Rubio",
            "start": 0,
            "target": "Barack_Obama",
            "txt": "\u201c[Obama] demonstrated a disregard for our moral purpose that at times flirted with disdain,\u201d"
        },
        {
            "aim": "dir",
            "bias": "inf",
            "end": 103,
            "id": "p9",
            "indirect-ally-opponent-sentiment": "",
            "indirect-target-name": "",
            "notes": "",
            "polarity": "neg",
            "quote": "yes",
            "speaker": "Marco_Rubio",
            "start": 0,
            "target": "Barack_Obama",
            "txt": "\u201cHe criticized America for having \u2018arrogance\u2019 and the audacity to \u2018dictate our terms\u2019 to other nations."
        },
        {
            "aim": "dir",
            "bias": "inf",
            "end": 192,
            "id": "p10",
            "indirect-ally-opponent-sentiment": "",
            "indirect-target-name": "",
            "notes": "",
            "polarity": "neg",
            "quote": "yes",
            "speaker": "Marco_Rubio",
            "start": 0,
            "target": "Barack_Obama",
            "txt": "From his reset with Russia, to his open hand to Iran, to his unreciprocated opening to Cuba, he has embraced regimes that systematically oppose every principle our nation has long championed.\u201d"
        },
        {
            "aim": "dir",
            "bias": "lex",
            "end": 38,
            "id": "p14",
            "indirect-ally-opponent-sentiment": "",
            "indirect-target-name": "",
            "notes": "",
            "polarity": "neg",
            "quote": "yes",
            "speaker": "other_anti",
            "start": 25,
            "target": "Marco_Rubio",
            "txt": "alleged \u2018new\u2019"
        },
        {
            "aim": "dir",
            "bias": "inf",
            "end": 40,
            "id": "p17",
            "indirect-ally-opponent-sentiment": "",
            "indirect-target-name": "",
            "notes": "",
            "polarity": "neg",
            "quote": "yes",
            "speaker": "other_anti",
            "start": 0,
            "target": "Marco_Rubio",
            "txt": "Unwillingness to even start a discussion"
        },
        {
            "aim": "dir",
            "bias": "inf",
            "end": 79,
            "id": "p20",
            "indirect-ally-opponent-sentiment": "",
            "indirect-target-name": "",
            "notes": "",
            "polarity": "neg",
            "quote": "yes",
            "speaker": "other_anti",
            "start": 19,
            "target": "Marco_Rubio",
            "txt": "\u201cNeoconservative meets Cold War: that\u2019s the Rubio doctrine.\u201d"
        },
        {
            "aim": "dir",
            "bias": "inf",
            "end": 87,
            "id": "p23",
            "indirect-ally-opponent-sentiment": "",
            "indirect-target-name": "",
            "notes": "",
            "polarity": "neg",
            "quote": "yes",
            "speaker": "Marco_Rubio",
            "start": 17,
            "target": "Barack_Obama",
            "txt": "\"wasted no time stripping parts from the engine of American strength,\""
        },
        {
            "aim": "ind_pro",
            "bias": "inf",
            "end": 76,
            "id": "p24",
            "indirect-ally-opponent-sentiment": "neg",
            "indirect-target-name": "Hillary Clinton",
            "notes": "",
            "polarity": "neg",
            "quote": "yes",
            "speaker": "Marco_Rubio",
            "start": 0,
            "target": "Barack_Obama",
            "txt": "\"[Clinton] was the chief architect of a foreign policy that was a disaster,\""
        },
        {
            "aim": "ind_pro",
            "bias": "inf",
            "end": 241,
            "id": "p25",
            "indirect-ally-opponent-sentiment": "neg",
            "indirect-target-name": "Hillary Clinton",
            "notes": "",
            "polarity": "neg",
            "quote": "yes",
            "speaker": "Marco_Rubio",
            "start": 187,
            "target": "Barack_Obama",
            "txt": "ineffective at best and dangerously negligent at worst"
        },
        {
            "aim": "dir",
            "bias": "inf",
            "end": 165,
            "id": "p31",
            "indirect-ally-opponent-sentiment": "",
            "indirect-target-name": "",
            "notes": "",
            "polarity": "neg",
            "quote": "yes",
            "speaker": "Marco_Rubio",
            "start": 96,
            "target": "Barack_Obama",
            "txt": "Obama has embraced regimes that systematically opposed our principles"
        },
        {
            "aim": "dir",
            "bias": "lex",
            "end": 270,
            "id": "p1",
            "indirect-ally-opponent-sentiment": "",
            "indirect-target-name": "",
            "notes": "",
            "polarity": "neg",
            "quote": "no",
            "speaker": "",
            "start": 255,
            "target": "Barack_Obama",
            "txt": "overly cautious"
        },
        {
            "aim": "dir",
            "bias": "lex",
            "end": 45,
            "id": "p21",
            "indirect-ally-opponent-sentiment": "",
            "indirect-target-name": "",
            "notes": "",
            "polarity": "neg",
            "quote": "no",
            "speaker": "",
            "start": 38,
            "target": "Marco_Rubio",
            "txt": "hawkish"
        },
        {
            "aim": "dir",
            "bias": "inf",
            "end": 155,
            "id": "p26",
            "indirect-ally-opponent-sentiment": "",
            "indirect-target-name": "",
            "notes": "",
            "polarity": "neg",
            "quote": "no",
            "speaker": "",
            "start": 0,
            "target": "Marco_Rubio",
            "txt": "He even has taken tougher stances on foreign policy than some of his Republican colleagues, who have softened their views on diplomatic relations with Cuba"
        },
        {
            "aim": "dir",
            "bias": "inf",
            "end": 274,
            "id": "p28",
            "indirect-ally-opponent-sentiment": "",
            "indirect-target-name": "",
            "notes": "",
            "polarity": "neg",
            "quote": "no",
            "speaker": "",
            "start": 100,
            "target": "Barack_Obama",
            "txt": "ironclad dealings with heads of foreign governments that have been openly hostile to the United States, and which continue to exercise oppression against political dissidents"
        },
        {
            "aim": "dir",
            "bias": "inf",
            "end": 34,
            "id": "p28",
            "indirect-ally-opponent-sentiment": "",
            "indirect-target-name": "",
            "notes": "",
            "polarity": "neg",
            "quote": "no",
            "speaker": "",
            "start": 0,
            "target": "Marco_Rubio",
            "txt": "As he often has in Senate hearings"
        },
        {
            "aim": "dir",
            "bias": "lex",
            "end": 50,
            "id": "p28",
            "indirect-ally-opponent-sentiment": "",
            "indirect-target-name": "",
            "notes": "",
            "polarity": "neg",
            "quote": "no",
            "speaker": "",
            "start": 42,
            "target": "Marco_Rubio",
            "txt": "assailed"
        }
    ],
    "triplet-uuid": "7f9c83f7-3efa-4c7a-adef-3ebdeda96042",
    "uuid": "c430a2e0-646b-477b-927f-770e81a15118"
}