{
    "article-level-annotations": {
        "author_feeling_Barack_Obama": "neu",
        "author_feeling_Marco_Rubio": "neu",
        "author_feeling_main_event": "neu",
        "notes": "",
        "relative_stance": "left",
        "you_feeling_Barack_Obama": "neu",
        "you_feeling_Marco_Rubio": "neu"
    },
    "phrase-level-annotations": [
        {
            "aim": "dir",
            "bias": "lex",
            "end": 141,
            "id": "p0",
            "indirect-ally-opponent-sentiment": "",
            "indirect-target-name": "",
            "notes": "",
            "polarity": "pos",
            "quote": "no",
            "speaker": "",
            "start": 132,
            "target": "Marco_Rubio",
            "txt": "assertive"
        },
        {
            "aim": "dir",
            "bias": "lex",
            "end": 242,
            "id": "p1",
            "indirect-ally-opponent-sentiment": "",
            "indirect-target-name": "",
            "notes": "",
            "polarity": "neg",
            "quote": "no",
            "speaker": "",
            "start": 230,
            "target": "Marco_Rubio",
            "txt": "aggressively"
        },
        {
            "aim": "dir",
            "bias": "inf",
            "end": 74,
            "id": "p5",
            "indirect-ally-opponent-sentiment": "",
            "indirect-target-name": "",
            "notes": "",
            "polarity": "neg",
            "quote": "yes",
            "speaker": "Marco_Rubio",
            "start": 0,
            "target": "Barack_Obama",
            "txt": "\"Sadly, I believe President Obama often disagrees with that simple truth,\""
        },
        {
            "aim": "dir",
            "bias": "inf",
            "end": 123,
            "id": "p8",
            "indirect-ally-opponent-sentiment": "",
            "indirect-target-name": "",
            "notes": "",
            "polarity": "pos",
            "quote": "no",
            "speaker": "",
            "start": 0,
            "target": "Marco_Rubio",
            "txt": "From his seat on the Senate Foreign Relations Committee, Rubio has already played a key role in U.S. foreign policy debates"
        },
        {
            "aim": "dir",
            "bias": "inf",
            "end": 115,
            "id": "p9",
            "indirect-ally-opponent-sentiment": "",
            "indirect-target-name": "",
            "notes": "",
            "polarity": "neg",
            "quote": "no",
            "speaker": "",
            "start": 29,
            "target": "Marco_Rubio",
            "txt": "Rubio has challenged Obama's efforts to normalize diplomatic relations with the island"
        },
        {
            "aim": "dir",
            "bias": "lex",
            "end": 54,
            "id": "p11",
            "indirect-ally-opponent-sentiment": "",
            "indirect-target-name": "",
            "notes": "",
            "polarity": "neg",
            "quote": "no",
            "speaker": "",
            "start": 39,
            "target": "Marco_Rubio",
            "txt": "took a swipe at"
        },
        {
            "aim": "dir",
            "bias": "inf",
            "end": 219,
            "id": "p12",
            "indirect-ally-opponent-sentiment": "",
            "indirect-target-name": "",
            "notes": "",
            "polarity": "neg",
            "quote": "no",
            "speaker": "",
            "start": 110,
            "target": "Marco_Rubio",
            "txt": "appear backward-looking at a time that Rubio's campaign portrays other U.S. leaders as \u201ctrapped in the past.\""
        },
        {
            "aim": "dir",
            "bias": "inf",
            "end": 222,
            "id": "p6",
            "indirect-ally-opponent-sentiment": "",
            "indirect-target-name": "",
            "notes": "",
            "polarity": "neg",
            "quote": "yes",
            "speaker": "Marco_Rubio",
            "start": 186,
            "target": "Barack_Obama",
            "txt": "ceding leadership to other countries"
        },
        {
            "aim": "ind_pro",
            "bias": "inf",
            "end": 202,
            "id": "p11",
            "indirect-ally-opponent-sentiment": "neg",
            "indirect-target-name": "Hillary Clinton",
            "notes": "",
            "polarity": "neg",
            "quote": "yes",
            "speaker": "Marco_Rubio",
            "start": 145,
            "target": "Barack_Obama",
            "txt": "\"ineffective at best and dangerously negligent at worst.\""
        },
        {
            "aim": "dir",
            "bias": "inf",
            "end": 27,
            "id": "p9",
            "indirect-ally-opponent-sentiment": "",
            "indirect-target-name": "",
            "notes": "",
            "polarity": "pos",
            "quote": "no",
            "speaker": "",
            "start": 0,
            "target": "Marco_Rubio",
            "txt": "The son of Cuban immigrants"
        }
    ],
    "triplet-uuid": "7f9c83f7-3efa-4c7a-adef-3ebdeda96042",
    "uuid": "0acf2cec-34eb-4482-806d-efaf5d8a1501"
}