{
    "article-level-annotations": {
        "author_feeling_Democratic_Lawmakers": "neu",
        "author_feeling_Donald_Trump": "neg",
        "author_feeling_main_event": "neu",
        "notes": "",
        "relative_stance": "center",
        "you_feeling_Democratic_Lawmakers": "neu",
        "you_feeling_Donald_Trump": "neu"
    },
    "phrase-level-annotations": [
        {
            "aim": "dir",
            "bias": "inf",
            "end": 275,
            "id": "p31",
            "indirect-ally-opponent-sentiment": "",
            "indirect-target-name": "",
            "notes": "",
            "polarity": "neg",
            "quote": "no",
            "speaker": "",
            "start": 210,
            "target": "Donald_Trump",
            "txt": "a president who has often shifted his position at the last moment"
        },
        {
            "aim": "dir",
            "bias": "inf",
            "end": 71,
            "id": "p42",
            "indirect-ally-opponent-sentiment": "",
            "indirect-target-name": "",
            "notes": "",
            "polarity": "neg",
            "quote": "yes",
            "speaker": "other_neutral",
            "start": 38,
            "target": "Democratic_Lawmakers",
            "txt": "they don\u2019t want to know the facts"
        },
        {
            "aim": "dir",
            "bias": "inf",
            "end": 35,
            "id": "p47",
            "indirect-ally-opponent-sentiment": "",
            "indirect-target-name": "",
            "notes": "",
            "polarity": "neg",
            "quote": "no",
            "speaker": "",
            "start": 10,
            "target": "Donald_Trump",
            "txt": "repeated his false claims"
        },
        {
            "aim": "dir",
            "bias": "inf",
            "end": 122,
            "id": "p16",
            "indirect-ally-opponent-sentiment": "",
            "indirect-target-name": "",
            "notes": "",
            "polarity": "neg",
            "quote": "no",
            "speaker": "",
            "start": 14,
            "target": "Donald_Trump",
            "txt": "he said Ms. Pelosi should back it because she was \u201ca good Catholic\u201d and Vatican City is surrounded by a wall"
        },
        {
            "aim": "ind_general",
            "bias": "inf",
            "end": 45,
            "id": "p27",
            "indirect-ally-opponent-sentiment": "neg",
            "indirect-target-name": "agreement for deal",
            "notes": "",
            "polarity": "neg",
            "quote": "no",
            "speaker": "",
            "start": 0,
            "target": "Donald_Trump",
            "txt": "But the path to such a deal is murky at best."
        },
        {
            "aim": "dir",
            "bias": "lex",
            "end": 32,
            "id": "p42",
            "indirect-ally-opponent-sentiment": "",
            "indirect-target-name": "",
            "notes": "",
            "polarity": "neg",
            "quote": "yes",
            "speaker": "other_neutral",
            "start": 8,
            "target": "Democratic_Lawmakers",
            "txt": "incredibly disheartening"
        },
        {
            "aim": "dir",
            "bias": "inf",
            "end": 45,
            "id": "p45",
            "indirect-ally-opponent-sentiment": "",
            "indirect-target-name": "",
            "notes": "",
            "polarity": "neg",
            "quote": "no",
            "speaker": "",
            "start": 24,
            "target": "Donald_Trump",
            "txt": "claiming inaccurately"
        },
        {
            "aim": "dir",
            "bias": "inf",
            "end": 34,
            "id": "p14",
            "indirect-ally-opponent-sentiment": "",
            "indirect-target-name": "",
            "notes": "",
            "polarity": "neg",
            "quote": "yes",
            "speaker": "Democratic_Lawmakers",
            "start": 0,
            "target": "Donald_Trump",
            "txt": "\u201cHe could not give a good answer,\u201d"
        },
        {
            "aim": "dir",
            "bias": "inf",
            "end": 117,
            "id": "p41",
            "indirect-ally-opponent-sentiment": "",
            "indirect-target-name": "",
            "notes": "",
            "polarity": "neg",
            "quote": "yes",
            "speaker": "other_neutral",
            "start": 0,
            "target": "Democratic_Lawmakers",
            "txt": "\u201cDemocrats in the room either don\u2019t care that there is a humanitarian crisis on the border or just prefer ignorance,\u201d"
        },
        {
            "aim": "ind_pro",
            "bias": "inf",
            "end": 78,
            "id": "p52",
            "indirect-ally-opponent-sentiment": "pos",
            "indirect-target-name": "Mike Sherrill",
            "notes": "",
            "polarity": "pos",
            "quote": "yes",
            "speaker": "Democratic_Lawmakers",
            "start": 0,
            "target": "Democratic_Lawmakers",
            "txt": "\u201cThis morning I requested that my pay be withheld until the shutdown is over,\u201d"
        },
        {
            "aim": "ind_pro",
            "bias": "inf",
            "end": 97,
            "id": "p54",
            "indirect-ally-opponent-sentiment": "pos",
            "indirect-target-name": "Mike Sherrill",
            "notes": "",
            "polarity": "pos",
            "quote": "yes",
            "speaker": "Democratic_Lawmakers",
            "start": 0,
            "target": "Democratic_Lawmakers",
            "txt": "\u201cI came here to govern, not engage in partisan politics at the expense of hardworking Americans,\u201d"
        }
    ],
    "triplet-uuid": "0d10341a-9dba-4374-a524-814c300d1611",
    "uuid": "55477e16-1726-4ded-b815-ecb8aa8f9952"
}