{
    "article-level-annotations": {
        "author_feeling_Donald_Trump": "neg",
        "author_feeling_main_event": "neg",
        "notes": "",
        "relative_stance": "liberal",
        "you_feeling_Donald_Trump": "neu"
    },
    "phrase-level-annotations": [
        {
            "aim": "dir",
            "bias": "lex",
            "end": 37,
            "id": "p0",
            "indirect-ally-opponent-sentiment": "",
            "indirect-target-name": "",
            "notes": "'s' indicates that the author is describing the shutdown as belonging to Trump, ie. because he's not getting the money for the boarder wall he's shutting down the government.",
            "notes": "",
            "polarity": "neg",
            "quote": "no",
            "speaker": "",
            "start": 30,
            "target": "Donald_Trump",
            "txt": "Trump\u2019s"
        },
        {
            "aim": "dir",
            "bias": "lex",
            "end": 188,
            "id": "p1",
            "indirect-ally-opponent-sentiment": "",
            "indirect-target-name": "",
            "notes": "sarcastic quotes",
            "polarity": "neg",
            "quote": "no",
            "speaker": "",
            "start": 181,
            "target": "Donald_Trump",
            "txt": "\u201cproud\u201d"
        },
        {
            "aim": "dir",
            "bias": "lex",
            "end": 260,
            "id": "p1",
            "indirect-ally-opponent-sentiment": "",
            "indirect-target-name": "",
            "notes": "",
            "polarity": "neg",
            "quote": "no",
            "speaker": "",
            "start": 255,
            "target": "Donald_Trump",
            "txt": "force"
        },
        {
            "aim": "dir",
            "bias": "inf",
            "end": 26,
            "id": "p7",
            "indirect-ally-opponent-sentiment": "",
            "indirect-target-name": "",
            "notes": "",
            "polarity": "neg",
            "quote": "yes",
            "speaker": "other_anti",
            "start": 0,
            "target": "Donald_Trump",
            "txt": "Why would he not do that?\u201d"
        },
        {
            "aim": "dir",
            "bias": "lex",
            "end": 68,
            "id": "p10",
            "indirect-ally-opponent-sentiment": "",
            "indirect-target-name": "",
            "notes": "",
            "polarity": "neg",
            "quote": "no",
            "speaker": "",
            "start": 59,
            "target": "Donald_Trump",
            "txt": "ridiculed"
        },
        {
            "aim": "ind_general",
            "bias": "inf",
            "end": 130,
            "id": "p14",
            "indirect-ally-opponent-sentiment": "neu",
            "indirect-target-name": "federal workers",
            "notes": "",
            "polarity": "neg",
            "quote": "no",
            "speaker": "",
            "start": 0,
            "target": "Donald_Trump",
            "txt": "Employees would have to dip into their savings or borrow money to pay their bills, as there is no government program to help them."
        },
        {
            "aim": "dir",
            "bias": "inf",
            "end": 296,
            "id": "p18",
            "indirect-ally-opponent-sentiment": "",
            "indirect-target-name": "",
            "notes": "",
            "polarity": "neg",
            "quote": "no",
            "speaker": "",
            "start": 236,
            "target": "Donald_Trump",
            "txt": "offering his musings on such things as the utility of wheels"
        },
        {
            "aim": "ind_pro",
            "bias": "inf",
            "end": 160,
            "id": "p20",
            "indirect-ally-opponent-sentiment": "neg",
            "indirect-target-name": "the White House",
            "notes": "",
            "polarity": "neg",
            "quote": "no",
            "speaker": "",
            "start": 0,
            "target": "Donald_Trump",
            "txt": "The White House did not respond to HuffPost queries about whether Trump understood that what he was saying was false and, if he did, why he was doing so anyway."
        },
        {
            "aim": "dir",
            "bias": "lex",
            "end": 32,
            "id": "p21",
            "indirect-ally-opponent-sentiment": "",
            "indirect-target-name": "",
            "notes": "",
            "polarity": "neg",
            "quote": "no",
            "speaker": "",
            "start": 15,
            "target": "Donald_Trump",
            "txt": "hundreds of times"
        },
        {
            "aim": "dir",
            "bias": "lex",
            "end": 49,
            "id": "p24",
            "indirect-ally-opponent-sentiment": "",
            "indirect-target-name": "",
            "notes": "sarcastic quotes",
            "polarity": "neg",
            "quote": "no",
            "speaker": "",
            "start": 35,
            "target": "Donald_Trump",
            "txt": "\u201cgreat, great\u201d"
        },
        {
            "aim": "dir",
            "bias": "lex",
            "end": 64,
            "id": "p18",
            "indirect-ally-opponent-sentiment": "",
            "indirect-target-name": "",
            "notes": "",
            "polarity": "neg",
            "quote": "no",
            "speaker": "",
            "start": 53,
            "target": "Donald_Trump",
            "txt": "complaining"
        },
        {
            "aim": "dir",
            "bias": "lex",
            "end": 29,
            "id": "p23",
            "indirect-ally-opponent-sentiment": "",
            "indirect-target-name": "",
            "notes": "",
            "polarity": "neg",
            "quote": "no",
            "speaker": "",
            "start": 18,
            "target": "Donald_Trump",
            "txt": "threatening"
        },
        {
            "aim": "dir",
            "bias": "inf",
            "end": 44,
            "id": "p19",
            "indirect-ally-opponent-sentiment": "",
            "indirect-target-name": "",
            "notes": "Lisa: thinks it's lexical on \"riddled with falsehoods\"",
            "polarity": "neg",
            "quote": "no",
            "speaker": "",
            "start": 0,
            "target": "Donald_Trump",
            "txt": "Trump\u2019s remarks were riddled with falsehoods"
        }
    ],
    "triplet-uuid": "0d10341a-9dba-4374-a524-814c300d1611",
    "uuid": "5f38d03e-3faa-417a-988e-83f67952594c"
}