{
    "article-level-annotations": {
        "author_feeling_Donald_Trump": "neg",
        "author_feeling_main_event": "neu",
        "notes": "critical of Trump but also shows Republicans being critical towards Trump",
        "relative_stance": "center",
        "you_feeling_Donald_Trump": "neu"
    },
    "phrase-level-annotations": [
        {
            "aim": "dir",
            "bias": "lex",
            "end": 211,
            "id": "p2",
            "indirect-ally-opponent-sentiment": "",
            "indirect-target-name": "",
            "notes": "",
            "polarity": "neg",
            "quote": "no",
            "speaker": "",
            "start": 197,
            "target": "Donald_Trump",
            "txt": "forced to work"
        },
        {
            "aim": "dir",
            "bias": "inf",
            "end": 246,
            "id": "p3",
            "indirect-ally-opponent-sentiment": "",
            "indirect-target-name": "",
            "notes": "",
            "polarity": "neg",
            "quote": "no",
            "speaker": "",
            "start": 204,
            "target": "Donald_Trump",
            "txt": "he won nothing concrete during the impasse"
        },
        {
            "aim": "dir",
            "bias": "lex",
            "end": 52,
            "id": "p10",
            "indirect-ally-opponent-sentiment": "",
            "indirect-target-name": "",
            "notes": "",
            "polarity": "neg",
            "quote": "no",
            "speaker": "",
            "start": 32,
            "target": "Donald_Trump",
            "txt": "remarkable surrender"
        },
        {
            "aim": "dir",
            "bias": "inf",
            "end": 136,
            "id": "p12",
            "indirect-ally-opponent-sentiment": "",
            "indirect-target-name": "",
            "notes": "",
            "polarity": "neg",
            "quote": "yes",
            "speaker": "other_anti",
            "start": 56,
            "target": "Donald_Trump",
            "txt": "he is no longer the biggest wimp ever to serve as President of the United States"
        },
        {
            "aim": "dir",
            "bias": "inf",
            "end": 82,
            "id": "p34",
            "indirect-ally-opponent-sentiment": "",
            "indirect-target-name": "",
            "notes": "",
            "polarity": "neg",
            "quote": "no",
            "speaker": "",
            "start": 11,
            "target": "Donald_Trump",
            "txt": "the long-term economic damage caused by the shutdown remains to be seen"
        },
        {
            "aim": "dir",
            "bias": "inf",
            "end": 91,
            "id": "p36",
            "indirect-ally-opponent-sentiment": "",
            "indirect-target-name": "",
            "notes": "",
            "polarity": "neg",
            "quote": "no",
            "speaker": "",
            "start": 0,
            "target": "Donald_Trump",
            "txt": "Mr. Trump offered no explanation for his surrender, nor did he acknowledge that it was one."
        },
        {
            "aim": "ind_pro",
            "bias": "inf",
            "end": 68,
            "id": "p49",
            "indirect-ally-opponent-sentiment": "neu",
            "indirect-target-name": "Mitch McConnell",
            "notes": "",
            "polarity": "neg",
            "quote": "no",
            "speaker": "",
            "start": 15,
            "target": "Donald_Trump",
            "txt": "who viewed the shutdown as unnecessary from the start"
        },
        {
            "aim": "dir",
            "bias": "lex",
            "end": 80,
            "id": "p4",
            "indirect-ally-opponent-sentiment": "",
            "indirect-target-name": "",
            "notes": "",
            "polarity": "neg",
            "quote": "no",
            "speaker": "",
            "start": 74,
            "target": "Donald_Trump",
            "txt": "anyway"
        },
        {
            "aim": "ind_general",
            "bias": "lex",
            "end": 88,
            "id": "p12",
            "indirect-ally-opponent-sentiment": "neg",
            "indirect-target-name": "George HW Bush",
            "notes": "",
            "polarity": "neg",
            "quote": "yes",
            "speaker": "other_anti",
            "start": 76,
            "target": "Donald_Trump",
            "txt": "biggest wimp"
        },
        {
            "aim": "dir",
            "bias": "inf",
            "end": 171,
            "id": "p27",
            "indirect-ally-opponent-sentiment": "",
            "indirect-target-name": "",
            "notes": "",
            "polarity": "neg",
            "quote": "no",
            "speaker": "",
            "start": 113,
            "target": "Donald_Trump",
            "txt": "expressing sympathy for them in a way he had not until now"
        }
    ],
    "triplet-uuid": "1e41e98b-9ac1-441d-b2c2-19d8f730c74a",
    "uuid": "ddf67ae7-db39-4c44-a3ee-35a9220aa485"
}