{
    "article-level-annotations": {
        "author_feeling_Donald_Trump": "neu",
        "author_feeling_main_event": "neg",
        "notes": "",
        "relative_stance": "center",
        "you_feeling_Donald_Trump": "neu"
    },
    "phrase-level-annotations": [
        {
            "aim": "dir",
            "bias": "inf",
            "end": 256,
            "id": "p0",
            "indirect-ally-opponent-sentiment": "",
            "notes": "",
            "polarity": "neg",
            "quote": "no",
            "speaker": "",
            "start": 199,
            "target": "Donald_Trump",
            "txt": "despite a day earlier saying Republicans would not \u201ccave\u201d"
        },
        {
            "aim": "dir",
            "bias": "inf",
            "end": 220,
            "id": "p16",
            "indirect-ally-opponent-sentiment": "",
            "notes": "",
            "polarity": "neg",
            "quote": "no",
            "speaker": "",
            "start": 0,
            "target": "Donald_Trump",
            "txt": "Every former secretary of the Department of Homeland Security, including former White House chief of staff John Kelly, sent a letter to the president and Congress on Thursday asking them restore the department\u2019s funding."
        },
        {
            "aim": "dir",
            "bias": "inf",
            "end": 25,
            "id": "p18",
            "indirect-ally-opponent-sentiment": "",
            "notes": "",
            "polarity": "neg",
            "quote": "yes",
            "speaker": "other_neutral",
            "start": 0,
            "target": "Donald_Trump",
            "txt": "\u201cThis is unconscionable.\u201d"
        },
        {
            "aim": "dir",
            "bias": "inf",
            "end": 88,
            "id": "p22",
            "indirect-ally-opponent-sentiment": "",
            "notes": "hypocritical",
            "polarity": "neg",
            "quote": "no",
            "speaker": "",
            "start": 0,
            "target": "Donald_Trump",
            "txt": "On Thursday, Trump had promised that Republicans \u201cwill not cave\" on border wall demands."
        },
        {
            "aim": "dir",
            "bias": "inf",
            "end": 148,
            "id": "p3",
            "indirect-ally-opponent-sentiment": "",
            "notes": "",
            "polarity": "neg",
            "quote": "no",
            "speaker": "",
            "start": 0,
            "target": "Donald_Trump",
            "txt": "He made reference to his previous threats to declare a national emergency, calling it a \u201cvery powerful weapon,\u201d but saying he didn\u2019t want to use it."
        },
        {
            "aim": "dir",
            "bias": "inf",
            "end": 243,
            "id": "p8",
            "indirect-ally-opponent-sentiment": "",
            "notes": "",
            "polarity": "neg",
            "quote": "no",
            "speaker": "",
            "start": 0,
            "target": "Donald_Trump",
            "txt": "In the last few weeks, the fight turned particularly nasty -- with Trump canceling a Democratic congressional trip to Afghanistan after House Speaker Nancy Pelosi called on Trump to delay his State of the Union address or submit it in writing."
        },
        {
            "aim": "dir",
            "bias": "inf",
            "end": 99,
            "id": "p11",
            "indirect-ally-opponent-sentiment": "",
            "notes": "",
            "polarity": "neg",
            "quote": "no",
            "speaker": "",
            "start": 57,
            "target": "Donald_Trump",
            "txt": "without providing a concrete dollar figure"
        },
        {
            "aim": "ind_general",
            "bias": "inf",
            "end": 52,
            "id": "p15",
            "indirect-ally-opponent-sentiment": "neu",
            "indirect-target-name": "federal workers",
            "notes": "",
            "polarity": "neg",
            "quote": "no",
            "speaker": "",
            "start": 0,
            "target": "Donald_Trump",
            "txt": "Many workers missed their second paycheck on Friday."
        },
        {
            "aim": "dir",
            "bias": "inf",
            "end": 237,
            "id": "p19",
            "indirect-ally-opponent-sentiment": "",
            "notes": "",
            "polarity": "neg",
            "quote": "no",
            "speaker": "",
            "start": 0,
            "target": "Donald_Trump",
            "txt": "President Trump on Saturday announced a compromise plan that funded the wall while extending protections for 700,000 illegal immigrants brought to the country as children and 300,000 immigrants from countries designated unsafe to return."
        },
        {
            "aim": "ind_anti",
            "bias": "inf",
            "end": 67,
            "id": "p20",
            "indirect-ally-opponent-sentiment": "neg",
            "indirect-target-name": "Democrats",
            "notes": "",
            "polarity": "pos",
            "quote": "no",
            "speaker": "",
            "start": 0,
            "target": "Donald_Trump",
            "txt": "However, Democrats rejected the plan even before Trump announced it"
        }
    ],
    "triplet-uuid": "1e41e98b-9ac1-441d-b2c2-19d8f730c74a",
    "uuid": "81df3ec2-2c49-4937-8f14-f10e13f12d14"
}