{
    "article-level-annotations": {
        "author_feeling_Donald_Trump": "neg",
        "author_feeling_main_event": "neu",
        "notes": "",
        "relative_stance": "liberal",
        "you_feeling_Donald_Trump": "neu"
    },
    "phrase-level-annotations": [
        {
            "aim": "ind_general",
            "bias": "lex",
            "end": 179,
            "id": "p0",
            "indirect-ally-opponent-sentiment": "neg",
            "indirect-target-name": "shutdown",
            "notes": "",
            "polarity": "neg",
            "quote": "no",
            "speaker": "",
            "start": 168,
            "target": "Donald_Trump",
            "txt": "devastating"
        },
        {
            "aim": "dir",
            "bias": "inf",
            "end": 116,
            "id": "p4",
            "indirect-ally-opponent-sentiment": "",
            "indirect-target-name": "",
            "notes": "",
            "polarity": "neg",
            "quote": "no",
            "speaker": "",
            "start": 92,
            "target": "Donald_Trump",
            "txt": "is a clear cave by Trump"
        },
        {
            "aim": "dir",
            "bias": "lex",
            "end": 102,
            "id": "p4",
            "indirect-ally-opponent-sentiment": "",
            "indirect-target-name": "",
            "notes": "",
            "polarity": "neg",
            "quote": "no",
            "speaker": "",
            "start": 97,
            "target": "Donald_Trump",
            "txt": "clear"
        },
        {
            "aim": "dir",
            "bias": "inf",
            "end": 274,
            "id": "p5",
            "indirect-ally-opponent-sentiment": "",
            "indirect-target-name": "",
            "notes": "",
            "polarity": "neg",
            "quote": "no",
            "speaker": "",
            "start": 212,
            "target": "Donald_Trump",
            "txt": "a plan that would strip funding from disaster recovery efforts"
        },
        {
            "aim": "ind_general",
            "bias": "inf",
            "end": 264,
            "id": "p6",
            "indirect-ally-opponent-sentiment": "neu",
            "indirect-target-name": "government workers",
            "notes": "",
            "polarity": "neg",
            "quote": "no",
            "speaker": "",
            "start": 166,
            "target": "Donald_Trump",
            "txt": "putting many at risk of losing their homes, defaulting on loans and missing other crucial payments"
        },
        {
            "aim": "dir",
            "bias": "lex",
            "end": 11,
            "id": "title",
            "indirect-ally-opponent-sentiment": "",
            "indirect-target-name": "",
            "notes": "",
            "polarity": "neg",
            "quote": "no",
            "speaker": "",
            "start": 6,
            "target": "Donald_Trump",
            "txt": "Caves"
        },
        {
            "aim": "ind_general",
            "bias": "inf",
            "end": 192,
            "id": "p13",
            "indirect-ally-opponent-sentiment": "neu",
            "indirect-target-name": "workers",
            "notes": "",
            "polarity": "neg",
            "quote": "yes",
            "speaker": "other_anti",
            "start": 141,
            "target": "Donald_Trump",
            "txt": "\u201cwe can never hold American workers hostage again.\u201d"
        }
    ],
    "triplet-uuid": "1e41e98b-9ac1-441d-b2c2-19d8f730c74a",
    "uuid": "08fc7de9-337f-40a8-a126-a65398b01eb2"
}