{
    "article-level-annotations": {
        "author_feeling_House_Democrats": "neg",
        "author_feeling_House_Republicans": "neu",
        "author_feeling_main_event": "neg",
        "notes": "",
        "relative_stance": "conservative",
        "you_feeling_House_Democrats": "neu",
        "you_feeling_House_Republicans": "neu"
    },
    "phrase-level-annotations": [
        {
            "aim": "dir",
            "bias": "inf",
            "end": 100,
            "id": "p10",
            "indirect-ally-opponent-sentiment": "",
            "indirect-target-name": "",
            "notes": "",
            "polarity": "neg",
            "quote": "no",
            "speaker": "",
            "start": 0,
            "target": "House_Democrats",
            "txt": "Republicans called the bill a Democratic power grab that amounts to a federal takeover of elections."
        },
        {
            "aim": "dir",
            "bias": "inf",
            "end": 109,
            "id": "p15",
            "indirect-ally-opponent-sentiment": "",
            "indirect-target-name": "",
            "notes": "",
            "polarity": "neg",
            "quote": "no",
            "speaker": "",
            "start": 73,
            "target": "House_Democrats",
            "txt": "undermine the integrity of elections"
        },
        {
            "aim": "dir",
            "bias": "inf",
            "end": 210,
            "id": "p12",
            "indirect-ally-opponent-sentiment": "",
            "indirect-target-name": "",
            "notes": "",
            "polarity": "neg",
            "quote": "no",
            "speaker": "",
            "start": 0,
            "target": "House_Democrats",
            "txt": "The White House said in a statement that the Democrats' plan would \"micromanage\" elections that now are run largely by states and would establish \"costly and unnecessary program to finance political campaigns.\""
        },
        {
            "aim": "dir",
            "bias": "inf",
            "end": 207,
            "id": "p11",
            "indirect-ally-opponent-sentiment": "",
            "indirect-target-name": "",
            "notes": "",
            "polarity": "neg",
            "quote": "yes",
            "speaker": "House_Republicans",
            "start": 111,
            "target": "House_Democrats",
            "txt": "publicly fund \u2013 campaign travel, campaign dinners, and in some cases, the politicians themselves"
        },
        {
            "aim": "dir",
            "bias": "inf",
            "end": 156,
            "id": "p6",
            "indirect-ally-opponent-sentiment": "",
            "indirect-target-name": "",
            "notes": "",
            "polarity": "neg",
            "quote": "yes",
            "speaker": "other_anti",
            "start": 0,
            "target": "House_Democrats",
            "txt": "\u201cThey will have the effect of harming our public discourse by silencing necessary voices that would otherwise speak out about the public issues of the day,\u201d"
        },
        {
            "aim": "dir",
            "bias": "inf",
            "end": 126,
            "id": "p14",
            "indirect-ally-opponent-sentiment": "",
            "indirect-target-name": "",
            "notes": "",
            "polarity": "pos",
            "quote": "yes",
            "speaker": "House_Democrats",
            "start": 61,
            "target": "House_Democrats",
            "txt": "\"Yes it is a power grab -- a power grab on behalf of the people.\""
        }
    ],
    "triplet-uuid": "2f3e86b6-8443-47bd-9cd3-491c90a59fe9",
    "uuid": "3559b7c6-58ce-4c97-aae7-f46f00c2cb26"
}