{
    "article-level-annotations": {
        "author_feeling_Donald_Trump": "neg",
        "author_feeling_House_Democrats": "neu",
        "author_feeling_House_Republicans": "neu",
        "author_feeling_main_event": "neu",
        "notes": "this one is more critical of Trump, #1 is more critical of Republicans",
        "relative_stance": "center",
        "you_feeling_Donald_Trump": "neu",
        "you_feeling_House_Democrats": "neu",
        "you_feeling_House_Republicans": "neu"
    },
    "phrase-level-annotations": [
        {
            "aim": "dir",
            "bias": "inf",
            "end": 262,
            "id": "p0",
            "indirect-ally-opponent-sentiment": "",
            "indirect-target-name": "",
            "notes": "",
            "polarity": "pos",
            "quote": "no",
            "speaker": "",
            "start": 145,
            "target": "House_Democrats",
            "txt": "dismantle barriers to the ballot box, end big money in politics and impose stricter ethics rules on federal officials"
        },
        {
            "aim": "dir",
            "bias": "inf",
            "end": 182,
            "id": "p15",
            "indirect-ally-opponent-sentiment": "",
            "indirect-target-name": "",
            "notes": "",
            "polarity": "neg",
            "quote": "no",
            "speaker": "",
            "start": 40,
            "target": "House_Democrats",
            "txt": "drawn criticism from both conservative and liberal groups that argue the language is overly broad and would infringe on First Amendment rights"
        },
        {
            "aim": "dir",
            "bias": "inf",
            "end": 186,
            "id": "p18",
            "indirect-ally-opponent-sentiment": "",
            "indirect-target-name": "",
            "notes": "",
            "polarity": "neg",
            "quote": "no",
            "speaker": "",
            "start": 159,
            "target": "Donald_Trump",
            "txt": "Mr. Trump has released none"
        },
        {
            "aim": "dir",
            "bias": "inf",
            "end": 208,
            "id": "p20",
            "indirect-ally-opponent-sentiment": "",
            "indirect-target-name": "",
            "notes": "",
            "polarity": "neg",
            "quote": "no",
            "speaker": "",
            "start": 0,
            "target": "Donald_Trump",
            "txt": "Federal agencies spent about $13 million on four of Mr. Trump\u2019s trips to his Mar-a-Lago resort in Florida in early 2017, according to a report by a nonpartisan congressional watchdog agency issued last month."
        },
        {
            "aim": "dir",
            "bias": "inf",
            "end": 202,
            "id": "p7",
            "indirect-ally-opponent-sentiment": "",
            "indirect-target-name": "",
            "notes": "",
            "polarity": "neg",
            "quote": "no",
            "speaker": "",
            "start": 32,
            "target": "House_Republicans",
            "txt": "more time trying to define the bill \u2014 called the For the People Act or H.R. 1, to underscore its primacy \u2014 and tear it down than Democrats have spent trying to promote it"
        },
        {
            "aim": "dir",
            "bias": "lex",
            "end": 36,
            "id": "p25",
            "indirect-ally-opponent-sentiment": "",
            "indirect-target-name": "",
            "notes": "",
            "polarity": "neg",
            "quote": "no",
            "speaker": "",
            "start": 28,
            "target": "House_Republicans",
            "txt": "ambushed"
        },
        {
            "aim": "dir",
            "bias": "lex",
            "end": 113,
            "id": "p8",
            "indirect-ally-opponent-sentiment": "",
            "indirect-target-name": "",
            "notes": "",
            "polarity": "neg",
            "quote": "yes",
            "speaker": "House_Republicans",
            "start": 77,
            "target": "House_Democrats",
            "txt": "\u201cDemocrat Politician Protection Act\u201d"
        },
        {
            "aim": "dir",
            "bias": "inf",
            "end": 105,
            "id": "p10",
            "indirect-ally-opponent-sentiment": "",
            "indirect-target-name": "",
            "notes": "",
            "polarity": "neg",
            "quote": "yes",
            "speaker": "House_Republicans",
            "start": 0,
            "target": "House_Democrats",
            "txt": "\u201cThis bill is a massive federal government takeover that would undermine the integrity of our elections,\u201d"
        },
        {
            "aim": "dir",
            "bias": "inf",
            "end": 204,
            "id": "p10",
            "indirect-ally-opponent-sentiment": "",
            "indirect-target-name": "",
            "notes": "",
            "polarity": "neg",
            "quote": "yes",
            "speaker": "House_Republicans",
            "start": 163,
            "target": "House_Democrats",
            "txt": "\u201cthis new, Democrat, socialist majority.\u201d"
        },
        {
            "aim": "dir",
            "bias": "inf",
            "end": 169,
            "id": "p23",
            "indirect-ally-opponent-sentiment": "",
            "indirect-target-name": "",
            "notes": "",
            "polarity": "neg",
            "quote": "yes",
            "speaker": "House_Democrats",
            "start": 0,
            "target": "Donald_Trump",
            "txt": "\u201cWe must hold our government leaders to the highest standards, and with so many high-profile ethics violations in the past years, it is clear we have failed to do that,\u201d"
        }
    ],
    "triplet-uuid": "2f3e86b6-8443-47bd-9cd3-491c90a59fe9",
    "uuid": "163ce2ad-53d4-4afb-a84c-ab42f2a088d0"
}