{
    "article-level-annotations": {
        "author_feeling_House_Democrats": "pos",
        "author_feeling_House_Republicans": "neg",
        "author_feeling_main_event": "pos",
        "notes": "",
        "relative_stance": "liberal",
        "you_feeling_House_Democrats": "neu",
        "you_feeling_House_Republicans": "neu"
    },
    "phrase-level-annotations": [
        {
            "aim": "dir",
            "bias": "inf",
            "end": 250,
            "id": "p2",
            "indirect-ally-opponent-sentiment": "",
            "indirect-target-name": "",
            "notes": "",
            "polarity": "pos",
            "quote": "no",
            "speaker": "",
            "start": 0,
            "target": "House_Democrats",
            "txt": "It would dramatically expand voting access, create publicly funded House elections, enhance the transparency of money in politics, restore voting rights to millions of ex-felons, strengthen executive branch ethics law and end partisan gerrymandering."
        },
        {
            "aim": "dir",
            "bias": "inf",
            "end": 157,
            "id": "p16",
            "indirect-ally-opponent-sentiment": "",
            "indirect-target-name": "",
            "notes": "",
            "polarity": "neg",
            "quote": "no",
            "speaker": "",
            "start": 96,
            "target": "House_Democrats",
            "txt": "a federal power grab designed to help Democrats win elections"
        },
        {
            "aim": "dir",
            "bias": "inf",
            "end": 224,
            "id": "p16",
            "indirect-ally-opponent-sentiment": "",
            "indirect-target-name": "",
            "notes": "",
            "polarity": "neg",
            "quote": "no",
            "speaker": "",
            "start": 158,
            "target": "House_Republicans",
            "txt": "by allowing increased voting access and nonpartisan gerrymandering"
        },
        {
            "aim": "dir",
            "bias": "inf",
            "end": 188,
            "id": "p19",
            "indirect-ally-opponent-sentiment": "",
            "indirect-target-name": "",
            "notes": "",
            "polarity": "neg",
            "quote": "no",
            "speaker": "",
            "start": 84,
            "target": "House_Republicans",
            "txt": "the Republican Party has enacted measures across the country in the last decade to restrict voter access"
        },
        {
            "aim": "dir",
            "bias": "lex",
            "end": 64,
            "id": "p15",
            "indirect-ally-opponent-sentiment": "",
            "indirect-target-name": "",
            "notes": "",
            "polarity": "neg",
            "quote": "no",
            "speaker": "",
            "start": 56,
            "target": "House_Republicans",
            "txt": "hardened"
        },
        {
            "aim": "dir",
            "bias": "inf",
            "end": 75,
            "id": "p3",
            "indirect-ally-opponent-sentiment": "",
            "indirect-target-name": "",
            "notes": "",
            "polarity": "pos",
            "quote": "yes",
            "speaker": "House_Democrats",
            "start": 0,
            "target": "House_Democrats",
            "txt": "\u201cThis is a historic day, a pivotal day, a day that will make a difference,\u201d"
        },
        {
            "aim": "dir",
            "bias": "inf",
            "end": 126,
            "id": "p5",
            "indirect-ally-opponent-sentiment": "",
            "indirect-target-name": "",
            "notes": "",
            "polarity": "pos",
            "quote": "yes",
            "speaker": "House_Democrats",
            "start": 23,
            "target": "House_Democrats",
            "txt": "\u201ctakes power from the elites, special interests and the 1 percent and gives it to the American people,\u201d"
        },
        {
            "aim": "dir",
            "bias": "inf",
            "end": 65,
            "id": "p6",
            "indirect-ally-opponent-sentiment": "",
            "indirect-target-name": "",
            "notes": "",
            "polarity": "pos",
            "quote": "yes",
            "speaker": "House_Democrats",
            "start": 0,
            "target": "House_Democrats",
            "txt": "\u201cThis vote is an opportunity to be on the right side of history,\u201d"
        }
    ],
    "triplet-uuid": "2f3e86b6-8443-47bd-9cd3-491c90a59fe9",
    "uuid": "7acc7281-bc7e-4792-b692-0d4d8dfebc63"
}