{
    "article-level-annotations": {
        "author_feeling_Donald_Trump": "neg",
        "author_feeling_main_event": "neg",
        "notes": "",
        "relative_stance": "center",
        "you_feeling_Donald_Trump": "neu"
    },
    "phrase-level-annotations": [
        {
            "aim": "ind_general",
            "bias": "inf",
            "end": 148,
            "id": "p11",
            "indirect-ally-opponent-sentiment": "neu",
            "indirect-target-name": "Central American children and families",
            "notes": "",
            "polarity": "neg",
            "quote": "no",
            "speaker": "",
            "start": 0,
            "target": "Donald_Trump",
            "txt": "Since 2014, a high proportion of those crossing have been Central American children and families seeking to make humanitarian claims such as asylum."
        },
        {
            "aim": "dir",
            "bias": "inf",
            "end": 128,
            "id": "p23",
            "indirect-ally-opponent-sentiment": "",
            "indirect-target-name": "",
            "notes": "",
            "polarity": "neg",
            "quote": "no",
            "speaker": "",
            "start": 0,
            "target": "Donald_Trump",
            "txt": "In this case, Trump is sidestepping Congress so that he can gain access to certain federal funds without congressional approval."
        },
        {
            "aim": "dir",
            "bias": "inf",
            "end": 145,
            "id": "p27",
            "indirect-ally-opponent-sentiment": "",
            "indirect-target-name": "",
            "notes": "",
            "polarity": "neg",
            "quote": "yes",
            "speaker": "other_anti",
            "start": 0,
            "target": "Donald_Trump",
            "txt": "\u201cAny crisis on our border is of President Trump\u2019s own making: family separations, child detention, turning our backs on asylum seekers, and more."
        },
        {
            "aim": "dir",
            "bias": "inf",
            "end": 118,
            "id": "p29",
            "indirect-ally-opponent-sentiment": "",
            "indirect-target-name": "",
            "notes": "",
            "polarity": "neg",
            "quote": "yes",
            "speaker": "other_anti",
            "start": 10,
            "target": "Donald_Trump",
            "txt": "oversteps his authority and abandons negotiations with Congress by declaring a fabricated national emergency"
        },
        {
            "aim": "dir",
            "bias": "lex",
            "end": 125,
            "id": "p0",
            "indirect-ally-opponent-sentiment": "",
            "indirect-target-name": "",
            "notes": "",
            "polarity": "neg",
            "quote": "no",
            "speaker": "",
            "start": 120,
            "target": "Donald_Trump",
            "txt": "seize"
        },
        {
            "aim": "dir",
            "bias": "inf",
            "end": 203,
            "id": "p3",
            "indirect-ally-opponent-sentiment": "",
            "indirect-target-name": "",
            "notes": "",
            "polarity": "neg",
            "quote": "no",
            "speaker": "",
            "start": 113,
            "target": "Donald_Trump",
            "txt": "even as he contended the situation on the southern border amounted to a national emergency"
        },
        {
            "aim": "dir",
            "bias": "lex",
            "end": 46,
            "id": "p7",
            "indirect-ally-opponent-sentiment": "",
            "indirect-target-name": "",
            "notes": "",
            "polarity": "neg",
            "quote": "no",
            "speaker": "",
            "start": 38,
            "target": "Donald_Trump",
            "txt": "insisted"
        },
        {
            "aim": "dir",
            "bias": "lex",
            "end": 26,
            "id": "p34",
            "indirect-ally-opponent-sentiment": "",
            "indirect-target-name": "",
            "notes": "",
            "polarity": "neg",
            "quote": "no",
            "speaker": "",
            "start": 18,
            "target": "Donald_Trump",
            "txt": "asserted"
        },
        {
            "aim": "dir",
            "bias": "inf",
            "end": 134,
            "id": "p30",
            "indirect-ally-opponent-sentiment": "",
            "indirect-target-name": "",
            "notes": "",
            "polarity": "neg",
            "quote": "yes",
            "speaker": "other_anti",
            "start": 90,
            "target": "Donald_Trump",
            "txt": "\u201cgross abuse of the power of the presidency\u201d"
        }
    ],
    "triplet-uuid": "3ae35b16-7f7f-4a5e-9f24-5ce724106a73",
    "uuid": "6ea16a66-c839-4de9-8f05-6244498bd216"
}