{
    "article-level-annotations": {
        "author_feeling_Donald_Trump": "neg",
        "author_feeling_main_event": "neg",
        "notes": "",
        "relative_stance": "liberal",
        "you_feeling_Donald_Trump": "neu"
    },
    "phrase-level-annotations": [
        {
            "aim": "dir",
            "bias": "inf",
            "end": 57,
            "id": "p8",
            "indirect-ally-opponent-sentiment": "",
            "indirect-target-name": "",
            "notes": "",
            "polarity": "neg",
            "quote": "yes",
            "speaker": "other_anti",
            "start": 1,
            "target": "Donald_Trump",
            "txt": "This is plainly a power grab by a disappointed president"
        },
        {
            "aim": "dir",
            "bias": "inf",
            "end": 231,
            "id": "p9",
            "indirect-ally-opponent-sentiment": "",
            "indirect-target-name": "",
            "notes": "",
            "polarity": "neg",
            "quote": "no",
            "speaker": "",
            "start": 0,
            "target": "Donald_Trump",
            "txt": "Mr. Trump\u2019s announcement came during a freewheeling, 50-minute appearance in which he ping-ponged from topic to topic, touching on the economy, China trade talks and his coming summit meeting with North Korea\u2019s leader, Kim Jong-un."
        },
        {
            "aim": "dir",
            "bias": "inf",
            "end": 190,
            "id": "p10",
            "indirect-ally-opponent-sentiment": "",
            "indirect-target-name": "",
            "notes": "",
            "polarity": "neg",
            "quote": "no",
            "speaker": "",
            "start": 0,
            "target": "Donald_Trump",
            "txt": "The president again suggested that he should win the Nobel Peace Prize, and he reviewed which conservative commentators had been supportive of him, while dismissing Ann Coulter, who has not."
        },
        {
            "aim": "dir",
            "bias": "inf",
            "end": 189,
            "id": "p13",
            "indirect-ally-opponent-sentiment": "",
            "indirect-target-name": "",
            "notes": "",
            "polarity": "neg",
            "quote": "no",
            "speaker": "",
            "start": 0,
            "target": "Donald_Trump",
            "txt": "Mr. Trump\u2019s assertions were replete with misinformation and, when challenged by reporters, he refused to accept statistics produced by his own government that conflicted with his narrative."
        },
        {
            "aim": "dir",
            "bias": "inf",
            "end": 150,
            "id": "p34",
            "indirect-ally-opponent-sentiment": "",
            "indirect-target-name": "",
            "notes": "",
            "polarity": "neg",
            "quote": "no",
            "speaker": "",
            "start": 0,
            "target": "Donald_Trump",
            "txt": "But he expressed no concern that diverting military construction money would delay projects benefiting the troops like base housing, schools and gyms."
        },
        {
            "aim": "dir",
            "bias": "inf",
            "end": 60,
            "id": "p60",
            "indirect-ally-opponent-sentiment": "",
            "indirect-target-name": "",
            "notes": "",
            "polarity": "neg",
            "quote": "no",
            "speaker": "",
            "start": 0,
            "target": "Donald_Trump",
            "txt": "Neither was taking action specifically rejected by Congress."
        },
        {
            "aim": "dir",
            "bias": "inf",
            "end": 286,
            "id": "p66",
            "indirect-ally-opponent-sentiment": "",
            "indirect-target-name": "",
            "notes": "",
            "polarity": "neg",
            "quote": "no",
            "speaker": "",
            "start": 123,
            "target": "Donald_Trump",
            "txt": "the president opted to go ahead anyway to find a way out of the political corner he had put himself in with the failed effort to force Congress to finance the wall"
        },
        {
            "aim": "dir",
            "bias": "inf",
            "end": 211,
            "id": "p68",
            "indirect-ally-opponent-sentiment": "",
            "indirect-target-name": "",
            "notes": "",
            "polarity": "neg",
            "quote": "no",
            "speaker": "",
            "start": 0,
            "target": "Donald_Trump",
            "txt": "Mr. Trump was among those Republicans who criticized President Barack Obama for using his executive authority to spare millions of illegal immigrants from deportation after failing to persuade Congress to do so."
        },
        {
            "aim": "dir",
            "bias": "lex",
            "end": 215,
            "id": "p1",
            "indirect-ally-opponent-sentiment": "",
            "indirect-target-name": "",
            "notes": "",
            "polarity": "pos",
            "quote": "no",
            "speaker": "",
            "start": 207,
            "target": "Donald_Trump",
            "txt": "profound"
        },
        {
            "aim": "dir",
            "bias": "lex",
            "end": 44,
            "id": "p11",
            "indirect-ally-opponent-sentiment": "",
            "indirect-target-name": "",
            "notes": "",
            "polarity": "neg",
            "quote": "no",
            "speaker": "",
            "start": 21,
            "target": "Donald_Trump",
            "txt": "defensive and aggrieved"
        },
        {
            "aim": "dir",
            "bias": "inf",
            "end": 264,
            "id": "p42",
            "indirect-ally-opponent-sentiment": "",
            "indirect-target-name": "",
            "notes": "",
            "polarity": "neg",
            "quote": "no",
            "speaker": "",
            "start": 0,
            "target": "Donald_Trump",
            "txt": "Mr. Trump\u2019s desire for approval by Fox and other conservative news outlets was on display when he identified various pundits as supporters, naming Sean Hannity, Laura Ingraham, Tucker Carlson and Rush Limbaugh, although he insisted that \u201cthey don\u2019t decide policy.\u201d"
        },
        {
            "aim": "dir",
            "bias": "lex",
            "end": 112,
            "id": "p43",
            "indirect-ally-opponent-sentiment": "",
            "indirect-target-name": "",
            "notes": "",
            "polarity": "neg",
            "quote": "no",
            "speaker": "",
            "start": 83,
            "target": "Donald_Trump",
            "txt": "clearly gotten under his skin"
        },
        {
            "aim": "dir",
            "bias": "inf",
            "end": 144,
            "id": "p23",
            "indirect-ally-opponent-sentiment": "",
            "indirect-target-name": "",
            "notes": "",
            "polarity": "neg",
            "quote": "yes",
            "speaker": "other_anti",
            "start": 127,
            "target": "Donald_Trump",
            "txt": "\u201cvanity project,\u201d"
        },
        {
            "aim": "dir",
            "bias": "inf",
            "end": 38,
            "id": "p35",
            "indirect-ally-opponent-sentiment": "",
            "indirect-target-name": "",
            "notes": "",
            "polarity": "neg",
            "quote": "yes",
            "speaker": "Donald_Trump",
            "start": 0,
            "target": "Donald_Trump",
            "txt": "\u201cIt didn\u2019t sound too important to me,\u201d"
        },
        {
            "aim": "dir",
            "bias": "inf",
            "end": 64,
            "id": "p50",
            "indirect-ally-opponent-sentiment": "",
            "indirect-target-name": "",
            "notes": "",
            "polarity": "neg",
            "quote": "yes",
            "speaker": "other_anti",
            "start": 0,
            "target": "Donald_Trump",
            "txt": "\u201cThe only national emergency is that our president is an idiot,\u201d"
        }
    ],
    "triplet-uuid": "3ae35b16-7f7f-4a5e-9f24-5ce724106a73",
    "uuid": "32dfaacf-e2ea-4f8d-9c55-feafefb40b6f"
}