{
    "article-level-annotations": {
        "author_feeling_Democratic_lawmakers": "neu",
        "author_feeling_Donald_Trump": "neg",
        "author_feeling_Republican_lawmakers": "neu",
        "author_feeling_main_event": "neg",
        "notes": "",
        "relative_stance": "liberal",
        "you_feeling_Democratic_lawmakers": "neu",
        "you_feeling_Donald_Trump": "neu",
        "you_feeling_Republican_lawmakers": "neu"
    },
    "phrase-level-annotations": [
        {
            "aim": "dir",
            "bias": "lex",
            "end": 20,
            "id": "title",
            "indirect-ally-opponent-sentiment": "",
            "indirect-target-name": "",
            "notes": "sarcastic quotes",
            "polarity": "neg",
            "quote": "no",
            "speaker": "",
            "start": 8,
            "target": "Donald_Trump",
            "txt": "'Compromise'"
        },
        {
            "aim": "dir",
            "bias": "inf",
            "end": 217,
            "id": "p1",
            "indirect-ally-opponent-sentiment": "",
            "indirect-target-name": "",
            "notes": "",
            "polarity": "neg",
            "quote": "no",
            "speaker": "",
            "start": 145,
            "target": "Republican_lawmakers",
            "txt": "less of a compromise and more of a wish list for immigration hard-liners"
        },
        {
            "aim": "dir",
            "bias": "inf",
            "end": 39,
            "id": "p7",
            "indirect-ally-opponent-sentiment": "",
            "indirect-target-name": "",
            "notes": "",
            "polarity": "neg",
            "quote": "yes",
            "speaker": "other_anti",
            "start": 0,
            "target": "Donald_Trump",
            "txt": "So obvious. So predictable. So pathetic"
        },
        {
            "aim": "ind_anti",
            "bias": "lex",
            "end": 40,
            "id": "p14",
            "indirect-ally-opponent-sentiment": "neu",
            "indirect-target-name": "immigration activists",
            "notes": "",
            "polarity": "neg",
            "quote": "no",
            "speaker": "",
            "start": 33,
            "target": "Donald_Trump",
            "txt": "alarmed"
        },
        {
            "aim": "dir",
            "bias": "lex",
            "end": 55,
            "id": "p5",
            "indirect-ally-opponent-sentiment": "",
            "indirect-target-name": "",
            "notes": "",
            "polarity": "neg",
            "quote": "no",
            "speaker": "",
            "start": 52,
            "target": "Donald_Trump",
            "txt": "gut"
        },
        {
            "aim": "dir",
            "bias": "lex",
            "end": 203,
            "id": "p5",
            "indirect-ally-opponent-sentiment": "",
            "indirect-target-name": "",
            "notes": "",
            "polarity": "neg",
            "quote": "no",
            "speaker": "",
            "start": 200,
            "target": "Donald_Trump",
            "txt": "gut"
        },
        {
            "aim": "dir",
            "bias": "inf",
            "end": 368,
            "id": "p5",
            "indirect-ally-opponent-sentiment": "",
            "indirect-target-name": "",
            "notes": "a leap to say those are all things Democrats supports (doesn't make it clear in rest of article)?",
            "polarity": "neg",
            "quote": "no",
            "speaker": "",
            "start": 298,
            "target": "Republican_lawmakers",
            "txt": "all measures making it more likely to be dead on arrival in the Senate"
        }
    ],
    "triplet-uuid": "70c75d68-bf65-46a6-a822-15c23d77a275",
    "uuid": "855237a2-3aeb-4135-bec8-b9b3378e8ee8"
}