{
    "article-level-annotations": {
        "author_feeling_Democratic_lawmakers": "neu",
        "author_feeling_Donald_Trump": "neg",
        "author_feeling_Republican_lawmakers": "neu",
        "author_feeling_main_event": "neu",
        "notes": "",
        "relative_stance": "center",
        "you_feeling_Democratic_lawmakers": "neu",
        "you_feeling_Donald_Trump": "neu",
        "you_feeling_Republican_lawmakers": "neu"
    },
    "phrase-level-annotations": [
        {
            "aim": "dir",
            "bias": "inf",
            "end": 101,
            "id": "p32",
            "indirect-ally-opponent-sentiment": "",
            "indirect-target-name": "",
            "notes": "",
            "polarity": "neg",
            "quote": "yes",
            "speaker": "Democratic_lawmakers",
            "start": 0,
            "target": "Donald_Trump",
            "txt": "\u201cIt will fool few Americans because it\u2019s neither serious nor credible as a real remedy for Dreamers.\u201d"
        },
        {
            "aim": "dir",
            "bias": "inf",
            "end": 140,
            "id": "p59",
            "indirect-ally-opponent-sentiment": "",
            "indirect-target-name": "",
            "notes": "",
            "polarity": "neg",
            "quote": "no",
            "speaker": "",
            "start": 70,
            "target": "Donald_Trump",
            "txt": "negotiating out of desperation after failing to score political points"
        },
        {
            "aim": "ind_pro",
            "bias": "inf",
            "end": 322,
            "id": "p6",
            "indirect-ally-opponent-sentiment": "neg",
            "indirect-target-name": "Nancy Pelosi",
            "notes": "",
            "polarity": "neg",
            "quote": "no",
            "speaker": "",
            "start": 0,
            "target": "Democratic_lawmakers",
            "txt": "It came after an acrimonious week of tit-for-tat politics, in which Ms. Pelosi told the president he could not deliver his State of the Union address in the Capitol until the shutdown was over, and the president retaliated by grounding a plane that was supposed to take Ms. Pelosi on a fact-finding mission to Afghanistan."
        },
        {
            "aim": "dir",
            "bias": "inf",
            "end": 322,
            "id": "p6",
            "indirect-ally-opponent-sentiment": "",
            "indirect-target-name": "",
            "notes": "",
            "polarity": "neg",
            "quote": "no",
            "speaker": "",
            "start": 0,
            "target": "Donald_Trump",
            "txt": "It came after an acrimonious week of tit-for-tat politics, in which Ms. Pelosi told the president he could not deliver his State of the Union address in the Capitol until the shutdown was over, and the president retaliated by grounding a plane that was supposed to take Ms. Pelosi on a fact-finding mission to Afghanistan."
        },
        {
            "aim": "dir",
            "bias": "inf",
            "end": 182,
            "id": "p18",
            "indirect-ally-opponent-sentiment": "",
            "indirect-target-name": "",
            "notes": "",
            "polarity": "neg",
            "quote": "no",
            "speaker": "",
            "start": 30,
            "target": "Donald_Trump",
            "txt": "a prime-time broadcast from the Oval Office that leaned heavily on dark messaging about the dangers of crime and illegal drugs flowing across the border"
        },
        {
            "aim": "dir",
            "bias": "inf",
            "end": 59,
            "id": "p28",
            "indirect-ally-opponent-sentiment": "",
            "indirect-target-name": "",
            "notes": "",
            "polarity": "neg",
            "quote": "no",
            "speaker": "",
            "start": 0,
            "target": "Democratic_lawmakers",
            "txt": "Even so, Democrats roundly criticized the president\u2019s plan."
        },
        {
            "aim": "dir",
            "bias": "inf",
            "end": 178,
            "id": "p2",
            "indirect-ally-opponent-sentiment": "",
            "indirect-target-name": "",
            "notes": "",
            "polarity": "neg",
            "quote": "yes",
            "speaker": "Democratic_lawmakers",
            "start": 135,
            "target": "Donald_Trump",
            "txt": "\u201cnot a compromise but more hostage taking.\u201d"
        },
        {
            "aim": "dir",
            "bias": "inf",
            "end": 61,
            "id": "p31",
            "indirect-ally-opponent-sentiment": "",
            "indirect-target-name": "",
            "notes": "",
            "polarity": "neg",
            "quote": "yes",
            "speaker": "Democratic_lawmakers",
            "start": 0,
            "target": "Donald_Trump",
            "txt": "\u201cI think it\u2019s simply more fake promises raising false hopes,\u201d"
        }
    ],
    "triplet-uuid": "70c75d68-bf65-46a6-a822-15c23d77a275",
    "uuid": "5c1f90fd-8a1e-49a6-b9e0-0ae395ec6db6"
}