{
    "article-level-annotations": {
        "author_feeling_Democratic_lawmakers": "neu",
        "author_feeling_Donald_Trump": "neu",
        "author_feeling_Republican_lawmakers": "neu",
        "author_feeling_main_event": "neu",
        "notes": "",
        "relative_stance": "center",
        "you_feeling_Democratic_lawmakers": "neu",
        "you_feeling_Donald_Trump": "neu",
        "you_feeling_Republican_lawmakers": "neu"
    },
    "phrase-level-annotations": [
        {
            "aim": "dir",
            "bias": "lex",
            "end": 130,
            "id": "p2",
            "indirect-ally-opponent-sentiment": "",
            "notes": "",
            "polarity": "neg",
            "quote": "no",
            "speaker": "",
            "start": 126,
            "target": "Donald_Trump",
            "txt": "plea"
        },
        {
            "aim": "dir",
            "bias": "inf",
            "end": 183,
            "id": "p9",
            "indirect-ally-opponent-sentiment": "",
            "notes": "",
            "polarity": "neg",
            "quote": "yes",
            "speaker": "Democratic_lawmakers",
            "start": 0,
            "target": "Donald_Trump",
            "txt": "\"It's clear the President realizes that by closing the government and hurting so many American workers and their families, he has put himself and the country in an untenable position."
        },
        {
            "aim": "dir",
            "bias": "inf",
            "end": 51,
            "id": "p14",
            "indirect-ally-opponent-sentiment": "",
            "notes": "",
            "polarity": "neg",
            "quote": "yes",
            "speaker": "Democratic_lawmakers",
            "start": 20,
            "target": "Donald_Trump",
            "txt": "stop holding government hostage"
        },
        {
            "aim": "dir",
            "bias": "lex",
            "end": 135,
            "id": "p50",
            "indirect-ally-opponent-sentiment": "",
            "notes": "",
            "polarity": "pos",
            "quote": "yes",
            "speaker": "Republican_lawmakers",
            "start": 113,
            "target": "Donald_Trump",
            "txt": "reasonable, good faith"
        },
        {
            "aim": "dir",
            "bias": "lex",
            "end": 15,
            "id": "p30",
            "indirect-ally-opponent-sentiment": "",
            "notes": "",
            "polarity": "neg",
            "quote": "yes",
            "speaker": "Democratic_lawmakers",
            "start": 6,
            "target": "Donald_Trump",
            "txt": "senseless"
        },
        {
            "aim": "dir",
            "bias": "inf",
            "end": 83,
            "id": "p46",
            "indirect-ally-opponent-sentiment": "",
            "notes": "",
            "polarity": "neg",
            "quote": "yes",
            "speaker": "Republican_lawmakers",
            "start": 0,
            "target": "Democratic_lawmakers",
            "txt": "It's time Democrats do what is right for the functioning and security of our nation"
        },
        {
            "aim": "dir",
            "bias": "inf",
            "end": 225,
            "id": "p12",
            "indirect-ally-opponent-sentiment": "",
            "notes": "",
            "polarity": "neg",
            "quote": "yes",
            "speaker": "Democratic_lawmakers",
            "start": 202,
            "target": "Donald_Trump",
            "txt": "but more hostage taking"
        },
        {
            "aim": "dir",
            "bias": "inf",
            "end": 146,
            "id": "p15",
            "indirect-ally-opponent-sentiment": "",
            "notes": "",
            "polarity": "neg",
            "quote": "yes",
            "speaker": "Democratic_lawmakers",
            "start": 0,
            "target": "Donald_Trump",
            "txt": "There is no reason for Americans to be shut out of work and without a paycheck while negotiations take place on the best way to secure our borders"
        },
        {
            "aim": "dir",
            "bias": "inf",
            "end": 20,
            "id": "p22",
            "indirect-ally-opponent-sentiment": "",
            "notes": "",
            "polarity": "neg",
            "quote": "yes",
            "speaker": "Democratic_lawmakers",
            "start": 0,
            "target": "Donald_Trump",
            "txt": "This is a bad deal.\""
        },
        {
            "aim": "dir",
            "bias": "inf",
            "end": 189,
            "id": "p21",
            "indirect-ally-opponent-sentiment": "",
            "notes": "",
            "polarity": "neg",
            "quote": "yes",
            "speaker": "Democratic_lawmakers",
            "start": 0,
            "target": "Donald_Trump",
            "txt": "Now he's holding federal workers hostage, saying he'll temporarily give back what he took away -- only if we give him a pointless, ineffective wall he falsely promised Mexico would pay for."
        },
        {
            "aim": "dir",
            "bias": "inf",
            "end": 163,
            "id": "p24",
            "indirect-ally-opponent-sentiment": "",
            "notes": "",
            "polarity": "neg",
            "quote": "yes",
            "speaker": "Democratic_lawmakers",
            "start": 0,
            "target": "Donald_Trump",
            "txt": "\"This is about more than 800,000 Americans who are being held hostage by a President who has forced a pointless shutdown to pay for an expensive, ineffective wall."
        },
        {
            "aim": "dir",
            "bias": "lex",
            "end": 74,
            "id": "p23",
            "indirect-ally-opponent-sentiment": "",
            "notes": "",
            "polarity": "neg",
            "quote": "no",
            "speaker": "",
            "start": 59,
            "target": "Democratic_lawmakers",
            "txt": "bluntly accused"
        },
        {
            "aim": "dir",
            "bias": "inf",
            "end": 247,
            "id": "p27",
            "indirect-ally-opponent-sentiment": "",
            "indirect-target-name": "",
            "notes": "",
            "polarity": "neg",
            "quote": "yes",
            "speaker": "Democratic_lawmakers",
            "start": 0,
            "target": "Donald_Trump",
            "txt": "It's unacceptable that after taking away DACA protections, eliminating the TPS program for thousands of immigrants and creating a humanitarian crisis at the border, President Trump is offering temporary solutions in exchange for a permanent wall.\""
        },
        {
            "aim": "dir",
            "bias": "lex",
            "end": 54,
            "id": "p29",
            "indirect-ally-opponent-sentiment": "",
            "notes": "",
            "polarity": "neg",
            "quote": "no",
            "speaker": "",
            "start": 47,
            "target": "Republican_lawmakers",
            "txt": "slammed"
        },
        {
            "aim": "dir",
            "bias": "inf",
            "end": 153,
            "id": "p31",
            "indirect-ally-opponent-sentiment": "",
            "indirect-target-name": "",
            "notes": "",
            "polarity": "neg",
            "quote": "yes",
            "speaker": "Democratic_lawmakers",
            "start": 64,
            "target": "Donald_Trump",
            "txt": "not while President Trump continues to keep significant parts of the government shut down"
        },
        {
            "aim": "dir",
            "bias": "inf",
            "end": 230,
            "id": "p31",
            "indirect-ally-opponent-sentiment": "",
            "notes": "",
            "polarity": "neg",
            "quote": "yes",
            "speaker": "Democratic_lawmakers",
            "start": 158,
            "target": "Republican_lawmakers",
            "txt": "Leader McConnell refuses to meaningfully negotiate with Senate Democrats"
        },
        {
            "aim": "dir",
            "bias": "inf",
            "end": 194,
            "id": "p53",
            "indirect-ally-opponent-sentiment": "",
            "notes": "",
            "polarity": "neg",
            "quote": "yes",
            "speaker": "Republican_lawmakers",
            "start": 1,
            "target": "Democratic_lawmakers",
            "txt": "You (Pelosi) and your fellow Democrats have voted for over 600 miles of border fence in the past, why won't you vote for another few miles now? I don't understand their position, I really don't"
        },
        {
            "aim": "dir",
            "bias": "inf",
            "end": 63,
            "id": "p58",
            "indirect-ally-opponent-sentiment": "",
            "notes": "",
            "polarity": "neg",
            "quote": "yes",
            "speaker": "Republican_lawmakers",
            "start": 12,
            "target": "Democratic_lawmakers",
            "txt": "instead of choosing the road of endless obstruction"
        },
        {
            "aim": "dir",
            "bias": "inf",
            "end": 201,
            "id": "p5",
            "indirect-ally-opponent-sentiment": "",
            "indirect-target-name": "",
            "notes": "",
            "polarity": "neg",
            "quote": "yes",
            "speaker": "Democratic_lawmakers",
            "start": 47,
            "target": "Donald_Trump",
            "txt": "\u201cWhat we didn\u2019t hear from the President was any sympathy for the federal workers who face so much uncertainty because of the chaos of the #TrumpShutdown.\u201d"
        },
        {
            "aim": "dir",
            "bias": "inf",
            "end": 109,
            "id": "p8",
            "indirect-ally-opponent-sentiment": "",
            "indirect-target-name": "",
            "notes": "",
            "polarity": "neg",
            "quote": "yes",
            "speaker": "Democratic_lawmakers",
            "start": 81,
            "target": "Donald_Trump",
            "txt": "\"one-sided and ineffective.\""
        }
    ],
    "triplet-uuid": "70c75d68-bf65-46a6-a822-15c23d77a275",
    "uuid": "ca081b60-a731-44ac-9253-4be6576567c1"
}