{
    "article-level-annotations": {
        "author_feeling_Democratic_Lawmakers": "neu",
        "author_feeling_Donald_Trump": "neu",
        "author_feeling_Nancy_Pelosi": "neu",
        "author_feeling_Rashida_Tlaib": "neu",
        "author_feeling_Republican_Lawmakers": "neu",
        "author_feeling_main_event": "neu",
        "notes": "",
        "relative_stance": "center",
        "you_feeling_Democratic_Lawmakers": "neu",
        "you_feeling_Donald_Trump": "neu",
        "you_feeling_Nancy_Pelosi": "neu",
        "you_feeling_Rashida_Tlaib": "neu",
        "you_feeling_Republican_Lawmakers": "neu"
    },
    "phrase-level-annotations": [
        {
            "aim": "dir",
            "bias": "lex",
            "end": 89,
            "id": "p1",
            "indirect-ally-opponent-sentiment": "",
            "indirect-target-name": "",
            "notes": "",
            "polarity": "pos",
            "quote": "no",
            "speaker": "",
            "start": 80,
            "target": "Rashida_Tlaib",
            "txt": "exuberant"
        },
        {
            "aim": "dir",
            "bias": "inf",
            "end": 83,
            "id": "p0",
            "indirect-ally-opponent-sentiment": "",
            "indirect-target-name": "",
            "notes": "",
            "polarity": "neg",
            "quote": "no",
            "speaker": "",
            "start": 13,
            "target": "Donald_Trump",
            "txt": "Impeachment was always going to hang heavily over a divided Washington"
        },
        {
            "aim": "ind_pro",
            "bias": "inf",
            "end": 142,
            "id": "p4",
            "indirect-ally-opponent-sentiment": "neg",
            "indirect-target-name": "Republicans",
            "notes": "",
            "polarity": "neg",
            "quote": "no",
            "speaker": "",
            "start": 116,
            "target": "Donald_Trump",
            "txt": "some of it racially tinged"
        },
        {
            "aim": "dir",
            "bias": "inf",
            "end": 213,
            "id": "p8",
            "indirect-ally-opponent-sentiment": "",
            "indirect-target-name": "",
            "notes": "speculation",
            "polarity": "neg",
            "quote": "no",
            "speaker": "",
            "start": 130,
            "target": "Donald_Trump",
            "txt": "outright fear that newly empowered Democrats actually might threaten his presidency"
        },
        {
            "aim": "dir",
            "bias": "inf",
            "end": 118,
            "id": "p18",
            "indirect-ally-opponent-sentiment": "",
            "indirect-target-name": "",
            "notes": "",
            "polarity": "pos",
            "quote": "yes",
            "speaker": "Donald_Trump",
            "start": 85,
            "target": "Donald_Trump",
            "txt": "somebody who is doing a great job"
        },
        {
            "aim": "dir",
            "bias": "inf",
            "end": 137,
            "id": "p17",
            "indirect-ally-opponent-sentiment": "",
            "indirect-target-name": "",
            "notes": "",
            "polarity": "pos",
            "quote": "yes",
            "speaker": "Donald_Trump",
            "start": 72,
            "target": "Donald_Trump",
            "txt": "a president who has won perhaps the greatest election of all time"
        },
        {
            "aim": "dir",
            "bias": "lex",
            "end": 12,
            "id": "p26",
            "indirect-ally-opponent-sentiment": "",
            "indirect-target-name": "",
            "notes": "",
            "polarity": "neg",
            "quote": "no",
            "speaker": "",
            "start": 4,
            "target": "Rashida_Tlaib",
            "txt": "outburst"
        },
        {
            "aim": "dir",
            "bias": "inf",
            "end": 161,
            "id": "p28",
            "indirect-ally-opponent-sentiment": "",
            "indirect-target-name": "",
            "notes": "",
            "polarity": "neg",
            "quote": "no",
            "speaker": "",
            "start": 8,
            "target": "Donald_Trump",
            "txt": "Mr. Trump\u2019s legal perils have deepened \u2014 and federal prosecutors in New York appear to have gathered evidence implicating him in a campaign finance crime"
        },
        {
            "aim": "dir",
            "bias": "inf",
            "end": 72,
            "id": "p48",
            "indirect-ally-opponent-sentiment": "",
            "indirect-target-name": "",
            "notes": "",
            "polarity": "neg",
            "quote": "yes",
            "speaker": "Donald_Trump",
            "start": 0,
            "target": "Rashida_Tlaib",
            "txt": "\u201cI think she dishonored herself, and I think she dishonored her family.\u201d"
        },
        {
            "aim": "dir",
            "bias": "lex",
            "end": 167,
            "id": "p2",
            "indirect-ally-opponent-sentiment": "",
            "indirect-target-name": "",
            "notes": "",
            "polarity": "neg",
            "quote": "no",
            "speaker": "",
            "start": 158,
            "target": "Rashida_Tlaib",
            "txt": "profanely"
        },
        {
            "aim": "ind_general",
            "bias": "inf",
            "end": 94,
            "id": "p6",
            "indirect-ally-opponent-sentiment": "neg",
            "indirect-target-name": "Christian Broadcasting Network",
            "notes": "",
            "polarity": "neg",
            "quote": "no",
            "speaker": "",
            "start": 0,
            "target": "Republican_Lawmakers",
            "txt": "The Christian Broadcasting Network referred to her as a \u201cfoul-mouthed Islamic congresswoman.\u201d)"
        },
        {
            "aim": "dir",
            "bias": "lex",
            "end": 244,
            "id": "p9",
            "indirect-ally-opponent-sentiment": "",
            "indirect-target-name": "",
            "notes": "",
            "polarity": "neg",
            "quote": "no",
            "speaker": "",
            "start": 234,
            "target": "Donald_Trump",
            "txt": "threatened"
        },
        {
            "aim": "dir",
            "bias": "lex",
            "end": 24,
            "id": "p13",
            "indirect-ally-opponent-sentiment": "",
            "indirect-target-name": "",
            "notes": "",
            "polarity": "neg",
            "quote": "no",
            "speaker": "",
            "start": 18,
            "target": "Donald_Trump",
            "txt": "indeed"
        },
        {
            "aim": "dir",
            "bias": "lex",
            "end": 37,
            "id": "p16",
            "indirect-ally-opponent-sentiment": "",
            "indirect-target-name": "",
            "notes": "",
            "polarity": "pos",
            "quote": "no",
            "speaker": "",
            "start": 24,
            "target": "Donald_Trump",
            "txt": "frank embrace"
        },
        {
            "aim": "dir",
            "bias": "inf",
            "end": 232,
            "id": "p19",
            "indirect-ally-opponent-sentiment": "",
            "indirect-target-name": "",
            "notes": "",
            "polarity": "neg",
            "quote": "no",
            "speaker": "",
            "start": 192,
            "target": "Democratic_Lawmakers",
            "txt": "overreaction of out-of-control Democrats"
        },
        {
            "aim": "dir",
            "bias": "inf",
            "end": 153,
            "id": "p24",
            "indirect-ally-opponent-sentiment": "",
            "indirect-target-name": "",
            "notes": "",
            "polarity": "neg",
            "quote": "no",
            "speaker": "",
            "start": 106,
            "target": "Rashida_Tlaib",
            "txt": "fashioning her own hashtag, #unapologeticallyme"
        },
        {
            "aim": "dir",
            "bias": "inf",
            "end": 117,
            "id": "p37",
            "indirect-ally-opponent-sentiment": "",
            "indirect-target-name": "",
            "notes": "",
            "polarity": "neg",
            "quote": "no",
            "speaker": "",
            "start": 0,
            "target": "Donald_Trump",
            "txt": "Mr. Nadler, Ms. Pelosi and other party elders believe Mr. Trump is threatening the country\u2019s democratic institutions."
        },
        {
            "aim": "dir",
            "bias": "lex",
            "end": 25,
            "id": "p45",
            "indirect-ally-opponent-sentiment": "",
            "indirect-target-name": "",
            "notes": "",
            "polarity": "neg",
            "quote": "no",
            "speaker": "",
            "start": 3,
            "target": "Donald_Trump",
            "txt": "repeatedly singled out"
        },
        {
            "aim": "dir",
            "bias": "inf",
            "end": 72,
            "id": "p55",
            "indirect-ally-opponent-sentiment": "",
            "indirect-target-name": "",
            "notes": "",
            "polarity": "pos",
            "quote": "no",
            "speaker": "",
            "start": 0,
            "target": "Rashida_Tlaib",
            "txt": "Many of Ms. Tlaib\u2019s new colleagues expressed sympathy for her sentiments"
        },
        {
            "aim": "dir",
            "bias": "inf",
            "end": 93,
            "id": "p6",
            "indirect-ally-opponent-sentiment": "",
            "indirect-target-name": "",
            "notes": "",
            "polarity": "neg",
            "quote": "yes",
            "speaker": "other_anti",
            "start": 56,
            "target": "Rashida_Tlaib",
            "txt": "\u201cfoul-mouthed Islamic congresswoman.\u201d"
        },
        {
            "aim": "dir",
            "bias": "inf",
            "end": 42,
            "id": "p47",
            "indirect-ally-opponent-sentiment": "",
            "indirect-target-name": "",
            "notes": "",
            "polarity": "neg",
            "quote": "yes",
            "speaker": "Donald_Trump",
            "start": 0,
            "target": "Rashida_Tlaib",
            "txt": "\u201cI thought her comments were disgraceful,\u201d"
        },
        {
            "aim": "dir",
            "bias": "inf",
            "end": 80,
            "id": "p49",
            "indirect-ally-opponent-sentiment": "",
            "indirect-target-name": "",
            "notes": "",
            "polarity": "neg",
            "quote": "yes",
            "speaker": "Donald_Trump",
            "start": 32,
            "target": "Rashida_Tlaib",
            "txt": "\u201cdisrespectful to the United States of America.\u201d"
        },
        {
            "aim": "dir",
            "bias": "inf",
            "end": 152,
            "id": "p53",
            "indirect-ally-opponent-sentiment": "",
            "indirect-target-name": "",
            "notes": "",
            "polarity": "neg",
            "quote": "yes",
            "speaker": "Democratic_Lawmakers",
            "start": 0,
            "target": "Donald_Trump",
            "txt": "\u201cI continue to believe that obstruction of justice is the clearest, simplest and most provable high crime and misdemeanor committed by Donald J. Trump,\u201d"
        }
    ],
    "triplet-uuid": "86e6e27d-1440-4879-8b13-0dd2d89f7281",
    "uuid": "3d65b2c4-6832-4bb0-812b-11025a6041f0"
}