{
    "article-level-annotations": {
        "author_feeling_Alexandria_Ocasio-Cortez": "neu",
        "author_feeling_Rashida_Tlaib": "neu",
        "author_feeling_main_event": "neu",
        "notes": "",
        "relative_stance": "conservative",
        "you_feeling_Alexandria_Ocasio-Cortez": "neu",
        "you_feeling_Rashida_Tlaib": "neu"
    },
    "phrase-level-annotations": [
        {
            "aim": "ind_anti",
            "bias": "inf",
            "end": 74,
            "id": "p3",
            "indirect-ally-opponent-sentiment": "neg",
            "indirect-target-name": "GOP",
            "notes": "",
            "polarity": "pos",
            "quote": "yes",
            "speaker": "Alexandria_Ocasio-Cortez",
            "start": 0,
            "target": "Rashida_Tlaib",
            "txt": "\u201cGOP lost entitlement to policing women\u2019s behavior a long time ago. Next.\u201d"
        },
        {
            "aim": "dir",
            "bias": "lex",
            "end": 27,
            "id": "p4",
            "indirect-ally-opponent-sentiment": "",
            "notes": "",
            "polarity": "neg",
            "quote": "no",
            "speaker": "",
            "start": 17,
            "target": "Alexandria_Ocasio-Cortez",
            "txt": "apparently"
        },
        {
            "aim": "ind_anti",
            "bias": "inf",
            "end": 92,
            "id": "p6",
            "indirect-ally-opponent-sentiment": "pos",
            "indirect-target-name": "Donald Trump",
            "notes": "",
            "polarity": "neg",
            "quote": "no",
            "speaker": "",
            "start": 0,
            "target": "Alexandria_Ocasio-Cortez",
            "txt": "He later released a followup video apology, insisting the remarks didn't \"reflect who I am.\u201d"
        },
        {
            "aim": "ind_anti",
            "bias": "inf",
            "end": 131,
            "id": "p19",
            "indirect-ally-opponent-sentiment": "neg",
            "indirect-target-name": "Donald Trump",
            "notes": "",
            "polarity": "pos",
            "quote": "yes",
            "speaker": "other_pro",
            "start": 65,
            "target": "Rashida_Tlaib",
            "txt": "I don\u2019t think it\u2019s anything worse than what the president has said"
        },
        {
            "aim": "dir",
            "bias": "lex",
            "end": 20,
            "id": "p21",
            "indirect-ally-opponent-sentiment": "",
            "notes": "",
            "polarity": "neg",
            "quote": "no",
            "speaker": "",
            "start": 7,
            "target": "Rashida_Tlaib",
            "txt": "doubling down"
        },
        {
            "aim": "ind_anti",
            "bias": "inf",
            "end": 123,
            "id": "p5",
            "indirect-ally-opponent-sentiment": "pos",
            "indirect-target-name": "Donald Trump",
            "notes": "",
            "polarity": "neg",
            "quote": "no",
            "speaker": "",
            "start": 0,
            "target": "Alexandria_Ocasio-Cortez",
            "txt": "Trump issued an apology at the time and described the contents of the \"Access Hollywood\" recording as \u201clocker room banter.\u201d"
        },
        {
            "aim": "ind_anti",
            "bias": "inf",
            "end": 173,
            "id": "p15",
            "indirect-ally-opponent-sentiment": "neg",
            "indirect-target-name": "Donald Trump",
            "notes": "",
            "polarity": "pos",
            "quote": "no",
            "speaker": "",
            "start": 91,
            "target": "Rashida_Tlaib",
            "txt": "suggesting that Trump\u2019s own language had started the heated rhetoric in Washington"
        },
        {
            "aim": "ind_anti",
            "bias": "inf",
            "end": 205,
            "id": "p2",
            "indirect-ally-opponent-sentiment": "neg",
            "indirect-target-name": "Republicans",
            "notes": "",
            "polarity": "pos",
            "quote": "yes",
            "speaker": "Alexandria_Ocasio-Cortez",
            "start": 0,
            "target": "Rashida_Tlaib",
            "txt": "\u201cRepublican hypocrisy at its finest: saying that Trump admitting to sexual assault on tape is just \u2018locker room talk,\u2019 but scandalizing themselves into faux-outrage when my sis says a curse word in a bar,\u201d"
        }
    ],
    "triplet-uuid": "86e6e27d-1440-4879-8b13-0dd2d89f7281",
    "uuid": "7f44175f-2ed4-4e74-8677-f5db8fb0cd02"
}