{
    "article-level-annotations": {
        "author_feeling_Donald_Trump": "neu",
        "author_feeling_Robert_Mueller": "neu",
        "author_feeling_Roger_Stone": "neg",
        "author_feeling_main_event": "pos",
        "notes": "",
        "relative_stance": "liberal",
        "you_feeling_Donald_Trump": "neu",
        "you_feeling_Robert_Mueller": "neu",
        "you_feeling_Roger_Stone": "neu"
    },
    "phrase-level-annotations": [
        {
            "aim": "dir",
            "bias": "lex",
            "end": 26,
            "id": "p12",
            "indirect-ally-opponent-sentiment": "",
            "indirect-target-name": "",
            "notes": "",
            "polarity": "neg",
            "quote": "no",
            "speaker": "",
            "start": 16,
            "target": "Roger_Stone",
            "txt": "theatrical"
        },
        {
            "aim": "dir",
            "bias": "lex",
            "end": 32,
            "id": "p24",
            "indirect-ally-opponent-sentiment": "",
            "indirect-target-name": "",
            "notes": "",
            "polarity": "neg",
            "quote": "no",
            "speaker": "",
            "start": 0,
            "target": "Roger_Stone",
            "txt": "A self-described dirty trickster"
        },
        {
            "aim": "dir",
            "bias": "inf",
            "end": 123,
            "id": "p24",
            "indirect-ally-opponent-sentiment": "",
            "indirect-target-name": "",
            "notes": "",
            "polarity": "neg",
            "quote": "no",
            "speaker": "",
            "start": 90,
            "target": "Roger_Stone",
            "txt": "has a tattoo of Nixon on his back"
        },
        {
            "aim": "dir",
            "bias": "inf",
            "end": 81,
            "id": "p25",
            "indirect-ally-opponent-sentiment": "",
            "indirect-target-name": "",
            "notes": "",
            "polarity": "neg",
            "quote": "no",
            "speaker": "",
            "start": 0,
            "target": "Roger_Stone",
            "txt": "He has spent decades plying the political dark arts \u2014 including scandal-mongering"
        },
        {
            "aim": "dir",
            "bias": "inf",
            "end": 234,
            "id": "p27",
            "indirect-ally-opponent-sentiment": "",
            "indirect-target-name": "",
            "notes": "",
            "polarity": "neg",
            "quote": "no",
            "speaker": "",
            "start": 126,
            "target": "Roger_Stone",
            "txt": "like the character in a whodunit whom readers immediately dismiss as too obvious to have committed the crime"
        },
        {
            "aim": "dir",
            "bias": "inf",
            "end": 131,
            "id": "p4",
            "indirect-ally-opponent-sentiment": "",
            "indirect-target-name": "",
            "notes": "",
            "polarity": "neg",
            "quote": "no",
            "speaker": "",
            "start": 29,
            "target": "Roger_Stone",
            "txt": "colorful details about clandestine meetings, angry texts \u2014 even a reference to \u201cThe Godfather: Part II"
        },
        {
            "aim": "dir",
            "bias": "lex",
            "end": 153,
            "id": "p8",
            "indirect-ally-opponent-sentiment": "",
            "indirect-target-name": "",
            "notes": "",
            "polarity": "neg",
            "quote": "no",
            "speaker": "",
            "start": 119,
            "target": "Roger_Stone",
            "txt": "fleeing or destroying or tampering"
        },
        {
            "aim": "dir",
            "bias": "inf",
            "end": 145,
            "id": "p11",
            "indirect-ally-opponent-sentiment": "",
            "indirect-target-name": "",
            "notes": "",
            "polarity": "neg",
            "quote": "no",
            "speaker": "",
            "start": 0,
            "target": "Roger_Stone",
            "txt": "A man known for his dapper wardrobe was dressed simply in a navy blue cotton polo shirt, bluejeans and his trademark round, black-rimmed glasses."
        },
        {
            "aim": "dir",
            "bias": "inf",
            "end": 180,
            "id": "p14",
            "indirect-ally-opponent-sentiment": "",
            "indirect-target-name": "",
            "notes": "",
            "polarity": "neg",
            "quote": "no",
            "speaker": "",
            "start": 74,
            "target": "Roger_Stone",
            "txt": "flashed twin V-for-victory hand signs reminiscent of his political hero, former President Richard M. Nixon"
        },
        {
            "aim": "dir",
            "bias": "lex",
            "end": 28,
            "id": "p26",
            "indirect-ally-opponent-sentiment": "",
            "indirect-target-name": "",
            "notes": "",
            "polarity": "neg",
            "quote": "no",
            "speaker": "",
            "start": 23,
            "target": "Roger_Stone",
            "txt": "taunt"
        },
        {
            "aim": "dir",
            "bias": "lex",
            "end": 9,
            "id": "p27",
            "indirect-ally-opponent-sentiment": "",
            "indirect-target-name": "",
            "notes": "",
            "polarity": "neg",
            "quote": "no",
            "speaker": "",
            "start": 4,
            "target": "Roger_Stone",
            "txt": "brash"
        },
        {
            "aim": "dir",
            "bias": "lex",
            "end": 93,
            "id": "p39",
            "indirect-ally-opponent-sentiment": "",
            "indirect-target-name": "",
            "notes": "",
            "polarity": "neg",
            "quote": "no",
            "speaker": "",
            "start": 85,
            "target": "Donald_Trump",
            "txt": "bragging"
        },
        {
            "aim": "dir",
            "bias": "inf",
            "end": 62,
            "id": "p44",
            "indirect-ally-opponent-sentiment": "",
            "indirect-target-name": "",
            "notes": "",
            "polarity": "neg",
            "quote": "yes",
            "speaker": "Roger_Stone",
            "start": 37,
            "target": "Roger_Stone",
            "txt": "\u201cdo a \u2018Frank Pentangeli\u2019\u201d"
        },
        {
            "aim": "dir",
            "bias": "inf",
            "end": 52,
            "id": "p50",
            "indirect-ally-opponent-sentiment": "",
            "indirect-target-name": "",
            "notes": "",
            "polarity": "neg",
            "quote": "yes",
            "speaker": "Donald_Trump",
            "start": 0,
            "target": "Robert_Mueller",
            "txt": "\u201cGreatest Witch Hunt in the History of our Country!\u201d"
        }
    ],
    "triplet-uuid": "aab91277-8d56-4844-a581-45630f873f49",
    "uuid": "c730327d-4b62-4454-b0b0-18698dd25a35"
}