{
    "article-level-annotations": {
        "author_feeling_Donald_Trump": "neu",
        "author_feeling_Robert_Mueller": "neg",
        "author_feeling_Roger_Stone": "neu",
        "author_feeling_main_event": "neg",
        "notes": "",
        "relative_stance": "conservative",
        "you_feeling_Donald_Trump": "neu",
        "you_feeling_Robert_Mueller": "neu",
        "you_feeling_Roger_Stone": "neu"
    },
    "phrase-level-annotations": [
        {
            "aim": "ind_pro",
            "bias": "inf",
            "end": 79,
            "id": "p2",
            "indirect-ally-opponent-sentiment": "neg",
            "indirect-target-name": "CNN",
            "notes": "",
            "polarity": "neg",
            "quote": "no",
            "speaker": "",
            "start": 5,
            "target": "Robert_Mueller",
            "txt": "which conveniently happened to be staking out Stone's Fort Lauderdale home"
        },
        {
            "aim": "ind_pro",
            "bias": "inf",
            "end": 122,
            "id": "p22",
            "indirect-ally-opponent-sentiment": "neg",
            "indirect-target-name": "FBI",
            "notes": "",
            "polarity": "neg",
            "quote": "yes",
            "speaker": "other_neutral",
            "start": 0,
            "target": "Robert_Mueller",
            "txt": "\u201cThis is an abuse of power and it underscores the vindictive nature of it by the fact that CNN was alerted ahead of time.\u201d"
        },
        {
            "aim": "ind_pro",
            "bias": "inf",
            "end": 54,
            "id": "p26",
            "indirect-ally-opponent-sentiment": "neg",
            "indirect-target-name": "FBI",
            "notes": "",
            "polarity": "neg",
            "quote": "yes",
            "speaker": "other_neutral",
            "start": 0,
            "target": "Robert_Mueller",
            "txt": "\u201cThis was designed to be vindictive and intimidating.\u201d"
        },
        {
            "aim": "ind_pro",
            "bias": "inf",
            "end": 136,
            "id": "p3",
            "indirect-ally-opponent-sentiment": "neg",
            "indirect-target-name": "FBI",
            "notes": "",
            "polarity": "neg",
            "quote": "yes",
            "speaker": "Roger_Stone",
            "start": 23,
            "target": "Robert_Mueller",
            "txt": "29 FBI agents arrived at my home with 17 vehicles, with lights flashing, when they could have contacted my lawyer"
        },
        {
            "aim": "ind_pro",
            "bias": "inf",
            "end": 99,
            "id": "p7",
            "indirect-ally-opponent-sentiment": "neg",
            "indirect-target-name": "FBI",
            "notes": "",
            "polarity": "neg",
            "quote": "yes",
            "speaker": "other_anti",
            "start": 35,
            "target": "Robert_Mueller",
            "txt": "scaring his wife, scaring his dogs\u2014it was completely unnecessary"
        },
        {
            "aim": "dir",
            "bias": "inf",
            "end": 205,
            "id": "p10",
            "indirect-ally-opponent-sentiment": "",
            "notes": "",
            "polarity": "neg",
            "quote": "yes",
            "speaker": "Donald_Trump",
            "start": 87,
            "target": "Robert_Mueller",
            "txt": "\u201cBorder Coyotes, Drug Dealers and Human Traffickers are treated better,\u201d and questioned \u201cwho alerted CNN to be there?\u201d"
        },
        {
            "aim": "ind_pro",
            "bias": "inf",
            "end": 174,
            "id": "p21",
            "indirect-ally-opponent-sentiment": "neg",
            "indirect-target-name": "US DOJ, FBI",
            "notes": "",
            "polarity": "neg",
            "quote": "yes",
            "speaker": "other_neutral",
            "start": 0,
            "target": "Robert_Mueller",
            "txt": "\u201cI am appalled that the U.S. Department of Justice and the FBI have permitted a vindictive use of arrest in a non-violent case with a defendant who was willing to surrender,\u201d"
        }
    ],
    "triplet-uuid": "aab91277-8d56-4844-a581-45630f873f49",
    "uuid": "bb209267-b337-41f2-8691-e2080f91da9e"
}