{
    "article-level-annotations": {
        "author_feeling_Adam_Schiff": "neu",
        "author_feeling_Donald_Trump": "neg",
        "author_feeling_GOP_committee_members": "neu",
        "author_feeling_main_event": "neg",
        "notes": "",
        "relative_stance": "liberal",
        "you_feeling_Adam_Schiff": "neu",
        "you_feeling_Donald_Trump": "neu",
        "you_feeling_GOP_committee_members": "neu"
    },
    "phrase-level-annotations": [
        {
            "aim": "dir",
            "bias": "inf",
            "end": 178,
            "id": "p15",
            "indirect-ally-opponent-sentiment": "",
            "indirect-target-name": "",
            "notes": "",
            "polarity": "neg",
            "quote": "no",
            "speaker": "",
            "start": 109,
            "target": "Donald_Trump",
            "txt": "which indicted more than 30 people \u2015 including several close to Trump"
        },
        {
            "aim": "dir",
            "bias": "lex",
            "end": 21,
            "id": "p11",
            "indirect-ally-opponent-sentiment": "",
            "indirect-target-name": "",
            "notes": "",
            "polarity": "neg",
            "quote": "no",
            "speaker": "",
            "start": 0,
            "target": "GOP_committee_members",
            "txt": "Somewhat misleadingly"
        },
        {
            "aim": "dir",
            "bias": "lex",
            "end": 32,
            "id": "p7",
            "indirect-ally-opponent-sentiment": "",
            "indirect-target-name": "",
            "notes": "",
            "polarity": "neg",
            "quote": "no",
            "speaker": "",
            "start": 10,
            "target": "GOP_committee_members",
            "txt": "even went so far as to"
        },
        {
            "aim": "dir",
            "bias": "inf",
            "end": 130,
            "id": "p17",
            "indirect-ally-opponent-sentiment": "",
            "indirect-target-name": "",
            "notes": "",
            "polarity": "neg",
            "quote": "yes",
            "speaker": "Adam_Schiff",
            "start": 0,
            "target": "Donald_Trump",
            "txt": "\u201cI think it\u2019s immoral. I think it\u2019s unethical. I think it\u2019s unpatriotic, and yes, I think it\u2019s corrupt and evidence of collusion.\u201d"
        },
        {
            "aim": "dir",
            "bias": "lex",
            "end": 48,
            "id": "p15",
            "indirect-ally-opponent-sentiment": "",
            "indirect-target-name": "",
            "notes": "",
            "polarity": "neg",
            "quote": "no",
            "speaker": "",
            "start": 36,
            "target": "Adam_Schiff",
            "txt": "doubled down"
        },
        {
            "aim": "dir",
            "bias": "inf",
            "end": 134,
            "id": "p6",
            "indirect-ally-opponent-sentiment": "",
            "indirect-target-name": "",
            "notes": "",
            "polarity": "neg",
            "quote": "yes",
            "speaker": "GOP_committee_members",
            "start": 81,
            "target": "Adam_Schiff",
            "txt": "\u201cat the center of a well-orchestrated media campaign\u201d"
        },
        {
            "aim": "dir",
            "bias": "inf",
            "end": 85,
            "id": "p8",
            "indirect-ally-opponent-sentiment": "",
            "indirect-target-name": "",
            "notes": "",
            "polarity": "neg",
            "quote": "yes",
            "speaker": "GOP_committee_members",
            "start": 0,
            "target": "Adam_Schiff",
            "txt": "\u201cYour willingness to continue to promote a demonstrably false narrative is alarming,\u201d"
        }
    ],
    "triplet-uuid": "b7021938-ff8d-42ea-adec-5704c0b65237",
    "uuid": "b9500510-3f10-4330-9bb0-daee08ad4564"
}