{
    "article-level-annotations": {
        "author_feeling_Adam_Schiff": "neu",
        "author_feeling_Donald_Trump": "neu",
        "author_feeling_GOP_committee_members": "neg",
        "author_feeling_main_event": "neu",
        "notes": "blames both sides equally",
        "relative_stance": "center",
        "you_feeling_Adam_Schiff": "neu",
        "you_feeling_Donald_Trump": "neu",
        "you_feeling_GOP_committee_members": "neu"
    },
    "phrase-level-annotations": [
        {
            "aim": "dir",
            "bias": "inf",
            "end": 131,
            "id": "p16",
            "indirect-ally-opponent-sentiment": "",
            "indirect-target-name": "",
            "notes": "",
            "polarity": "neg",
            "quote": "yes",
            "speaker": "Adam_Schiff",
            "start": 0,
            "target": "Donald_Trump",
            "txt": "But I don\u2019t think it\u2019s O.K. I think it\u2019s immoral. I think it\u2019s unethical. I think it\u2019s unpatriotic. And yes, I think it\u2019s corrupt.\u201d"
        },
        {
            "aim": "dir",
            "bias": "inf",
            "end": 103,
            "id": "p20",
            "indirect-ally-opponent-sentiment": "",
            "indirect-target-name": "",
            "notes": "",
            "polarity": "neg",
            "quote": "no",
            "speaker": "",
            "start": 48,
            "target": "Adam_Schiff",
            "txt": "whose doughy-faced demeanor hardly evokes an attack dog"
        },
        {
            "aim": "dir",
            "bias": "inf",
            "end": 35,
            "id": "p31",
            "indirect-ally-opponent-sentiment": "",
            "indirect-target-name": "",
            "notes": "",
            "polarity": "neg",
            "quote": "yes",
            "speaker": "other_anti",
            "start": 0,
            "target": "GOP_committee_members",
            "txt": "\u201cI think they\u2019re just scaredy-cats."
        },
        {
            "aim": "dir",
            "bias": "inf",
            "end": 33,
            "id": "p32",
            "indirect-ally-opponent-sentiment": "",
            "indirect-target-name": "",
            "notes": "",
            "polarity": "neg",
            "quote": "yes",
            "speaker": "other_anti",
            "start": 0,
            "target": "GOP_committee_members",
            "txt": "They just don\u2019t know what to do.\u201d"
        },
        {
            "aim": "dir",
            "bias": "lex",
            "end": 36,
            "id": "p3",
            "indirect-ally-opponent-sentiment": "",
            "indirect-target-name": "",
            "notes": "",
            "polarity": "neg",
            "quote": "no",
            "speaker": "",
            "start": 30,
            "target": "Adam_Schiff",
            "txt": "barbed"
        },
        {
            "aim": "dir",
            "bias": "inf",
            "end": 53,
            "id": "p7",
            "indirect-ally-opponent-sentiment": "",
            "indirect-target-name": "",
            "notes": "",
            "polarity": "neg",
            "quote": "yes",
            "speaker": "GOP_committee_members",
            "start": 0,
            "target": "Adam_Schiff",
            "txt": "\u201cNow we have Schiff chasing after Russian collusion.\u201d"
        },
        {
            "aim": "dir",
            "bias": "inf",
            "end": 179,
            "id": "p11",
            "indirect-ally-opponent-sentiment": "",
            "indirect-target-name": "",
            "notes": "implies GOP thinks it's ok",
            "polarity": "neg",
            "quote": "yes",
            "speaker": "Adam_Schiff",
            "start": 1,
            "target": "GOP_committee_members",
            "txt": "You might think that it\u2019s O.K. that the president\u2019s son-in-law sought to establish a secret back channel of communications with the Russians through a Russian diplomatic facility"
        },
        {
            "aim": "dir",
            "bias": "lex",
            "end": 115,
            "id": "p17",
            "indirect-ally-opponent-sentiment": "",
            "indirect-target-name": "",
            "notes": "",
            "polarity": "neg",
            "quote": "no",
            "speaker": "",
            "start": 106,
            "target": "Adam_Schiff",
            "txt": "monologue"
        },
        {
            "aim": "dir",
            "bias": "inf",
            "end": 116,
            "id": "p18",
            "indirect-ally-opponent-sentiment": "",
            "indirect-target-name": "",
            "notes": "",
            "polarity": "neg",
            "quote": "no",
            "speaker": "",
            "start": 38,
            "target": "GOP_committee_members",
            "txt": "who have happily embraced what they call Mr. Mueller\u2019s absolution of Mr. Trump"
        },
        {
            "aim": "dir",
            "bias": "lex",
            "end": 43,
            "id": "p25",
            "indirect-ally-opponent-sentiment": "",
            "indirect-target-name": "",
            "notes": "",
            "polarity": "neg",
            "quote": "no",
            "speaker": "",
            "start": 37,
            "target": "GOP_committee_members",
            "txt": "ambush"
        },
        {
            "aim": "dir",
            "bias": "inf",
            "end": 98,
            "id": "p23",
            "indirect-ally-opponent-sentiment": "",
            "indirect-target-name": "",
            "notes": "",
            "polarity": "neg",
            "quote": "yes",
            "speaker": "Donald_Trump",
            "start": 53,
            "target": "Adam_Schiff",
            "txt": "\u201cknowingly and unlawfully lying and leaking.\u201d"
        },
        {
            "aim": "dir",
            "bias": "inf",
            "end": 89,
            "id": "p29",
            "indirect-ally-opponent-sentiment": "",
            "indirect-target-name": "",
            "notes": "",
            "polarity": "pos",
            "quote": "yes",
            "speaker": "other_pro",
            "start": 57,
            "target": "Adam_Schiff",
            "txt": "\u201ccalm, professional, patriotic,\u201d"
        },
        {
            "aim": "ind_pro",
            "bias": "inf",
            "end": 259,
            "id": "p29",
            "indirect-ally-opponent-sentiment": "neg",
            "indirect-target-name": "Devin Nunes",
            "notes": "",
            "polarity": "neg",
            "quote": "yes",
            "speaker": "other_anti",
            "start": 150,
            "target": "GOP_committee_members",
            "txt": "\u201cin stark contrast to the irresponsible and almost criminal behavior of the previous chair of the committee,\u201d"
        },
        {
            "aim": "dir",
            "bias": "inf",
            "end": 87,
            "id": "p30",
            "indirect-ally-opponent-sentiment": "",
            "indirect-target-name": "",
            "notes": "",
            "polarity": "neg",
            "quote": "yes",
            "speaker": "other_anti",
            "start": 0,
            "target": "Donald_Trump",
            "txt": "\u201cWhat is the president afraid of \u2014 that he would go after a chairman of the committee?\u201d"
        }
    ],
    "triplet-uuid": "b7021938-ff8d-42ea-adec-5704c0b65237",
    "uuid": "3db72c86-1db7-48d7-9f89-307e54185b99"
}