{
    "article-level-annotations": {
        "author_feeling_BuzzFeed": "neu",
        "author_feeling_Donald_Trump": "neu",
        "author_feeling_Michael_Cohen": "neu",
        "author_feeling_Robert_Mueller": "neu",
        "author_feeling_main_event": "neu",
        "notes": "",
        "relative_stance": "conservative",
        "you_feeling_BuzzFeed": "neu",
        "you_feeling_Donald_Trump": "neu",
        "you_feeling_Michael_Cohen": "neu",
        "you_feeling_Robert_Mueller": "neu"
    },
    "phrase-level-annotations": [
        {
            "aim": "dir",
            "bias": "inf",
            "end": 95,
            "id": "p2",
            "indirect-ally-opponent-sentiment": "",
            "notes": "",
            "polarity": "neg",
            "quote": "yes",
            "speaker": "Donald_Trump",
            "start": 37,
            "target": "BuzzFeed",
            "txt": "a disgrace to our country, it was a disgrace to journalism"
        },
        {
            "aim": "ind_pro",
            "bias": "inf",
            "end": 170,
            "id": "p2",
            "indirect-ally-opponent-sentiment": "neg",
            "indirect-target-name": "media",
            "notes": "",
            "polarity": "neg",
            "quote": "yes",
            "speaker": "Donald_Trump",
            "start": 118,
            "target": "BuzzFeed",
            "txt": "the coverage by the mainstream media was disgraceful"
        },
        {
            "aim": "ind_pro",
            "bias": "inf",
            "end": 35,
            "id": "p3",
            "indirect-ally-opponent-sentiment": "neg",
            "indirect-target-name": "media",
            "notes": "",
            "polarity": "neg",
            "quote": "yes",
            "speaker": "Donald_Trump",
            "start": 0,
            "target": "BuzzFeed",
            "txt": "\"It's lost tremendous credibility.\""
        },
        {
            "aim": "ind_pro",
            "bias": "lex",
            "end": 163,
            "id": "p14",
            "indirect-ally-opponent-sentiment": "neg",
            "indirect-target-name": "media",
            "notes": "",
            "polarity": "neg",
            "quote": "yes",
            "speaker": "other_anti",
            "start": 153,
            "target": "BuzzFeed",
            "txt": "hysterical"
        },
        {
            "aim": "dir",
            "bias": "inf",
            "end": 133,
            "id": "p1",
            "indirect-ally-opponent-sentiment": "",
            "notes": "",
            "polarity": "neg",
            "quote": "yes",
            "speaker": "Donald_Trump",
            "start": 48,
            "target": "BuzzFeed",
            "txt": "equally as bad the coverage of the BuzzFeed phony story -- it was a total phony story"
        },
        {
            "aim": "dir",
            "bias": "inf",
            "end": 56,
            "id": "p10",
            "indirect-ally-opponent-sentiment": "",
            "notes": "",
            "polarity": "neg",
            "quote": "no",
            "speaker": "",
            "start": 0,
            "target": "Robert_Mueller",
            "txt": "It did not offer further details about what it disputed."
        },
        {
            "aim": "dir",
            "bias": "inf",
            "end": 183,
            "id": "p11",
            "indirect-ally-opponent-sentiment": "",
            "notes": "",
            "polarity": "neg",
            "quote": "yes",
            "speaker": "BuzzFeed",
            "start": 122,
            "target": "Robert_Mueller",
            "txt": "we urge the Special Counsel to make clear what he\u2019s disputing"
        },
        {
            "aim": "ind_pro",
            "bias": "inf",
            "end": 213,
            "id": "p14",
            "indirect-ally-opponent-sentiment": "neg",
            "indirect-target-name": "media",
            "notes": "",
            "polarity": "neg",
            "quote": "yes",
            "speaker": "other_anti",
            "start": 164,
            "target": "BuzzFeed",
            "txt": "desire to destroy this President has gone too far"
        },
        {
            "aim": "ind_pro",
            "bias": "inf",
            "end": 124,
            "id": "p13",
            "indirect-ally-opponent-sentiment": "neg",
            "indirect-target-name": "media",
            "notes": "",
            "polarity": "neg",
            "quote": "yes",
            "speaker": "Donald_Trump",
            "start": 59,
            "target": "BuzzFeed",
            "txt": "\u201ca very sad day for journalism, but a great day for our country.\u201d"
        }
    ],
    "triplet-uuid": "c9e4d35f-aeae-462b-a8bf-e08d09a93b6e",
    "uuid": "f8e82008-129b-4631-928e-3f7869b1fe71"
}