{
    "article-level-annotations": {
        "author_feeling_BuzzFeed": "neu",
        "author_feeling_Donald_Trump": "neu",
        "author_feeling_Michael_Cohen": "neg",
        "author_feeling_Robert_Mueller": "neu",
        "author_feeling_main_event": "neu",
        "notes": "",
        "relative_stance": "liberal",
        "you_feeling_BuzzFeed": "neu",
        "you_feeling_Donald_Trump": "neu",
        "you_feeling_Michael_Cohen": "neu",
        "you_feeling_Robert_Mueller": "neu"
    },
    "phrase-level-annotations": [
        {
            "aim": "dir",
            "bias": "inf",
            "end": 125,
            "id": "p9",
            "indirect-ally-opponent-sentiment": "",
            "indirect-target-name": "",
            "notes": "",
            "polarity": "neg",
            "quote": "yes",
            "speaker": "BuzzFeed",
            "start": 64,
            "target": "Robert_Mueller",
            "txt": "we urge the Special Counsel to make clear what he\u2019s disputing"
        },
        {
            "aim": "dir",
            "bias": "inf",
            "end": 104,
            "id": "p32",
            "indirect-ally-opponent-sentiment": "",
            "indirect-target-name": "",
            "notes": "",
            "polarity": "neg",
            "quote": "no",
            "speaker": "",
            "start": 0,
            "target": "Michael_Cohen",
            "txt": "That truthfulness was a departure from Mr. Cohen\u2019s pattern of deception throughout his professional life"
        },
        {
            "aim": "dir",
            "bias": "inf",
            "end": 92,
            "id": "p33",
            "indirect-ally-opponent-sentiment": "",
            "indirect-target-name": "",
            "notes": "",
            "polarity": "neg",
            "quote": "no",
            "speaker": "",
            "start": 0,
            "target": "Michael_Cohen",
            "txt": "Driven by greed, they said, he \u201crepeatedly used his power and influence for deceptive ends.\u201d"
        },
        {
            "aim": "dir",
            "bias": "lex",
            "end": 57,
            "id": "p6",
            "indirect-ally-opponent-sentiment": "",
            "indirect-target-name": "",
            "notes": "",
            "polarity": "neg",
            "quote": "no",
            "speaker": "",
            "start": 47,
            "target": "BuzzFeed",
            "txt": "vigorously"
        },
        {
            "aim": "dir",
            "bias": "inf",
            "end": 161,
            "id": "p4",
            "indirect-ally-opponent-sentiment": "",
            "indirect-target-name": "",
            "notes": "",
            "polarity": "neg",
            "quote": "yes",
            "speaker": "Donald_Trump",
            "start": 96,
            "target": "BuzzFeed",
            "txt": "\u201ca very sad day for journalism, but a great day for our Country!\u201d"
        },
        {
            "aim": "dir",
            "bias": "inf",
            "end": 166,
            "id": "p35",
            "indirect-ally-opponent-sentiment": "",
            "indirect-target-name": "",
            "notes": "",
            "polarity": "neg",
            "quote": "yes",
            "speaker": "Michael_Cohen",
            "start": 117,
            "target": "Donald_Trump",
            "txt": "\u201cled me to choose a path of darkness over light.\u201d"
        }
    ],
    "triplet-uuid": "c9e4d35f-aeae-462b-a8bf-e08d09a93b6e",
    "uuid": "fbbbf6a4-9ed3-4f46-8547-c6fc3dfaf697"
}