{
    "article-level-annotations": {
        "author_feeling_Democrats_presidential_candidates": "neg",
        "author_feeling_Donald_Trump": "neu",
        "author_feeling_William_Barr": "neu",
        "author_feeling_main_event": "neg",
        "notes": "accuses Dems of exploiting the current situation",
        "relative_stance": "conservative",
        "you_feeling_Democrats_presidential_candidates": "neu",
        "you_feeling_Donald_Trump": "neu",
        "you_feeling_William_Barr": "neu"
    },
    "phrase-level-annotations": [
        {
            "aim": "ind_pro",
            "bias": "inf",
            "end": 83,
            "id": "p5",
            "indirect-ally-opponent-sentiment": "neg",
            "indirect-target-name": "Beto O'Rourke",
            "notes": "",
            "polarity": "neg",
            "quote": "no",
            "speaker": "",
            "start": 0,
            "target": "Democrats_presidential_candidates",
            "txt": "No voters brought up the Mueller report to Mr. O\u2019Rourke as he spoke to them Friday."
        },
        {
            "aim": "dir",
            "bias": "inf",
            "end": 182,
            "id": "p6",
            "indirect-ally-opponent-sentiment": "",
            "indirect-target-name": "",
            "notes": "",
            "polarity": "neg",
            "quote": "no",
            "speaker": "",
            "start": 0,
            "target": "Democrats_presidential_candidates",
            "txt": "Indeed, in the hours after the announcement of the report, Democratic candidates reacted over Twitter or in remarks at events rather than in back-and-forth conversations with voters."
        },
        {
            "aim": "dir",
            "bias": "lex",
            "end": 157,
            "id": "p7",
            "indirect-ally-opponent-sentiment": "",
            "indirect-target-name": "",
            "notes": "sarcastic quotes",
            "polarity": "neg",
            "quote": "no",
            "speaker": "",
            "start": 146,
            "target": "Democrats_presidential_candidates",
            "txt": "\u201cpetitions\u201d"
        },
        {
            "aim": "dir",
            "bias": "lex",
            "end": 68,
            "id": "p0",
            "indirect-ally-opponent-sentiment": "",
            "indirect-target-name": "",
            "notes": "",
            "polarity": "neg",
            "quote": "no",
            "speaker": "",
            "start": 54,
            "target": "Democrats_presidential_candidates",
            "txt": "wasted no time"
        },
        {
            "aim": "dir",
            "bias": "inf",
            "end": 130,
            "id": "p7",
            "indirect-ally-opponent-sentiment": "",
            "indirect-target-name": "",
            "notes": "",
            "polarity": "neg",
            "quote": "no",
            "speaker": "",
            "start": 73,
            "target": "Democrats_presidential_candidates",
            "txt": "sought to gather new supporters and their email addresses"
        },
        {
            "aim": "dir",
            "bias": "inf",
            "end": 69,
            "id": "p9",
            "indirect-ally-opponent-sentiment": "",
            "indirect-target-name": "",
            "notes": "",
            "polarity": "neg",
            "quote": "no",
            "speaker": "",
            "start": 0,
            "target": "Democrats_presidential_candidates",
            "txt": "Such information is often used for future fund-raising solicitations."
        }
    ],
    "triplet-uuid": "e71d149d-0426-43f0-87e8-8c611dad7205",
    "uuid": "0ca964be-f97d-4990-ad42-23beee1d017a"
}