{
    "article-level-annotations": {
        "author_feeling_Donald_Trump": "pos",
        "author_feeling_James_Mattis": "neg",
        "author_feeling_main_event": "neu",
        "notes": "",
        "relative_stance": "conservative",
        "you_feeling_Donald_Trump": "neu",
        "you_feeling_James_Mattis": "neu"
    },
    "phrase-level-annotations": [
        {
            "aim": "dir",
            "bias": "lex",
            "end": 182,
            "id": "p0",
            "indirect-ally-opponent-sentiment": "",
            "notes": "",
            "polarity": "neg",
            "quote": "no",
            "speaker": "",
            "start": 173,
            "target": "James_Mattis",
            "txt": "bombshell"
        },
        {
            "aim": "dir",
            "bias": "inf",
            "end": 142,
            "id": "p6",
            "indirect-ally-opponent-sentiment": "",
            "notes": "",
            "polarity": "neg",
            "quote": "no",
            "speaker": "",
            "start": 43,
            "target": "Donald_Trump",
            "txt": "the first Cabinet official in 40 years to resign over a stated policy difference with the president"
        },
        {
            "aim": "dir",
            "bias": "inf",
            "end": 159,
            "id": "p10",
            "indirect-ally-opponent-sentiment": "",
            "notes": "",
            "polarity": "neg",
            "quote": "no",
            "speaker": "",
            "start": 0,
            "target": "James_Mattis",
            "txt": "(In 2013, then-President Obama removed Mattis from his post running U.S. military's Central Command, reportedly without calling to notify him of the decision.)"
        },
        {
            "aim": "ind_pro",
            "bias": "inf",
            "end": 81,
            "id": "p23",
            "indirect-ally-opponent-sentiment": "neg",
            "indirect-target-name": "news media",
            "notes": "",
            "polarity": "neg",
            "quote": "yes",
            "speaker": "Donald_Trump",
            "start": 0,
            "target": "James_Mattis",
            "txt": "\"Grandstander? The Fake News is making such a big deal about this nothing event!\""
        },
        {
            "aim": "dir",
            "bias": "inf",
            "end": 259,
            "id": "p24",
            "indirect-ally-opponent-sentiment": "",
            "notes": "",
            "polarity": "pos",
            "quote": "yes",
            "speaker": "Donald_Trump",
            "start": 0,
            "target": "Donald_Trump",
            "txt": "\"If anybody but your favorite President, Donald J. Trump, announced that, after decimating ISIS in Syria, we were going to bring our troops back home (happy & healthy), that person would be the most popular hero in America,\" he continued in a follow-up tweet."
        },
        {
            "aim": "ind_anti",
            "bias": "inf",
            "end": 169,
            "id": "p27",
            "indirect-ally-opponent-sentiment": "neg",
            "indirect-target-name": "Barack Obama",
            "notes": "",
            "polarity": "pos",
            "quote": "no",
            "speaker": "",
            "start": 0,
            "target": "Donald_Trump",
            "txt": "While President Obama repeatedly promised to pull all troops out of Afghanistan by 2014, U.S. and NATO forces remain there in a predominately training and advising role."
        },
        {
            "aim": "dir",
            "bias": "inf",
            "end": 196,
            "id": "p29",
            "indirect-ally-opponent-sentiment": "",
            "notes": "",
            "polarity": "pos",
            "quote": "no",
            "speaker": "",
            "start": 0,
            "target": "Donald_Trump",
            "txt": "More than 2,400 American soldiers have died in Afghanistan since the 2001 U.S.-led invasion, and Trump announced in a video last week that troop deaths were on his mind in announcing the pullouts."
        }
    ],
    "triplet-uuid": "01c59743-7082-44fc-8414-3c04126f470f",
    "uuid": "a143024b-3706-484e-a788-45ca4df7ade5"
}