{
    "article-level-annotations": {
        "author_feeling_Cesar_Sayoc": "neg",
        "author_feeling_Law_enforcement/Federal_authorities": "neu",
        "author_feeling_main_event": "neu",
        "notes": "",
        "relative_stance": "conservative",
        "you_feeling_Cesar_Sayoc": "neu",
        "you_feeling_Law_enforcement/Federal_authorities": "neu"
    },
    "phrase-level-annotations": [
        {
            "aim": "ind_pro",
            "bias": "inf",
            "end": 176,
            "id": "p22",
            "indirect-ally-opponent-sentiment": "neg",
            "indirect-target-name": "bombs",
            "notes": "",
            "polarity": "neg",
            "quote": "no",
            "speaker": "",
            "start": 137,
            "target": "Cesar_Sayoc",
            "txt": "called the devices \u201cMickey Mouse\u201d bombs"
        },
        {
            "aim": "dir",
            "bias": "inf",
            "end": 418,
            "id": "p31",
            "indirect-ally-opponent-sentiment": "",
            "notes": "connecting Sayoc to the Unabomber",
            "polarity": "neg",
            "quote": "no",
            "speaker": "",
            "start": 0,
            "target": "Cesar_Sayoc",
            "txt": "James Fitzgerald, a retired FBI profiler and forensic linguist who, in 1996, helped catch \"Unabomber\" Ted Kaczynski -- who killed 3 people and injured 23 in bombings between 1978 and 1995 -- told Fox News on Wednesday that the letter sent to John Brennan, the former director of the CIA and a staunch Trump critic, reminded him of something the Unabomber would send because of the number of stamps used on the package."
        },
        {
            "aim": "dir",
            "bias": "inf",
            "end": 167,
            "id": "p2",
            "indirect-ally-opponent-sentiment": "",
            "notes": "",
            "polarity": "neg",
            "quote": "no",
            "speaker": "",
            "start": 126,
            "target": "Cesar_Sayoc",
            "txt": "had prior arrests for terroristic threats"
        }
    ],
    "triplet-uuid": "1f99798f-2b60-4ecb-b5f4-4aa7991e8ace",
    "uuid": "f75f0ffe-9f1d-4b90-8450-804a29544396"
}