{
    "article-level-annotations": {
        "author_feeling_Donald_Trump": "neg",
        "author_feeling_Peter_Strzok": "neu",
        "author_feeling_main_event": "neg",
        "notes": "",
        "relative_stance": "liberal",
        "you_feeling_Donald_Trump": "neu",
        "you_feeling_Peter_Strzok": "neu"
    },
    "phrase-level-annotations": [
        {
            "aim": "dir",
            "bias": "inf",
            "end": 113,
            "id": "p2",
            "indirect-ally-opponent-sentiment": "",
            "notes": "",
            "polarity": "pos",
            "quote": "no",
            "speaker": "",
            "start": 0,
            "target": "Peter_Strzok",
            "txt": "Mr. Strzok, who rose over 20 years at the F.B.I. to become one of its most experienced counterintelligence agents"
        },
        {
            "aim": "dir",
            "bias": "lex",
            "end": 81,
            "id": "p25",
            "indirect-ally-opponent-sentiment": "",
            "notes": "not sure if direct or indirect",
            "polarity": "neg",
            "quote": "no",
            "speaker": "",
            "start": 72,
            "target": "Donald_Trump",
            "txt": "so-called"
        },
        {
            "aim": "dir",
            "bias": "inf",
            "end": 154,
            "id": "p23",
            "indirect-ally-opponent-sentiment": "",
            "notes": "",
            "polarity": "neg",
            "quote": "no",
            "speaker": "",
            "start": 120,
            "target": "Peter_Strzok",
            "txt": "exchanged work gossip and bantered"
        },
        {
            "aim": "dir",
            "bias": "inf",
            "end": 113,
            "id": "p47",
            "indirect-ally-opponent-sentiment": "",
            "notes": "",
            "polarity": "pos",
            "quote": "no",
            "speaker": "",
            "start": 0,
            "target": "Peter_Strzok",
            "txt": "Mr. Strzok, 48, a graduate of Georgetown University, served as an officer in the Army before he joined the F.B.I."
        },
        {
            "aim": "dir",
            "bias": "inf",
            "end": 114,
            "id": "p48",
            "indirect-ally-opponent-sentiment": "",
            "notes": "",
            "polarity": "pos",
            "quote": "no",
            "speaker": "",
            "start": 0,
            "target": "Peter_Strzok",
            "txt": "He held several key positions in the F.B.I., eventually becoming a top deputy in the counterintelligence division."
        },
        {
            "aim": "dir",
            "bias": "inf",
            "end": 203,
            "id": "p49",
            "indirect-ally-opponent-sentiment": "",
            "notes": "",
            "polarity": "pos",
            "quote": "no",
            "speaker": "",
            "start": 0,
            "target": "Peter_Strzok",
            "txt": "He handled many important espionage cases including one involving a former C.I.A. officer suspected of working for China and a group of Russian spies who had been working undercover in the United States."
        },
        {
            "aim": "ind_anti",
            "bias": "inf",
            "end": 265,
            "id": "p13",
            "indirect-ally-opponent-sentiment": "neg",
            "indirect-target-name": "FBI",
            "notes": "",
            "polarity": "pos",
            "quote": "yes",
            "speaker": "other_pro",
            "start": 0,
            "target": "Peter_Strzok",
            "txt": "\u201cThe decision to fire Special Agent Strzok is not only a departure from typical bureau practice, but also contradicts Director Wray\u2019s testimony to Congress and his assurances that the F.B.I. intended to follow its regular process in this and all personnel matters,\u201d"
        },
        {
            "aim": "ind_anti",
            "bias": "inf",
            "end": 60,
            "id": "p14",
            "indirect-ally-opponent-sentiment": "neg",
            "indirect-target-name": "FBI",
            "notes": "",
            "polarity": "pos",
            "quote": "yes",
            "speaker": "other_pro",
            "start": 0,
            "target": "Peter_Strzok",
            "txt": "\u201cThis decision should be deeply troubling to all Americans,\u201d"
        },
        {
            "aim": "dir",
            "bias": "inf",
            "end": 352,
            "id": "p19",
            "indirect-ally-opponent-sentiment": "",
            "indirect-target-name": "",
            "notes": "",
            "polarity": "neg",
            "quote": "yes",
            "speaker": "other_neutral",
            "start": 173,
            "target": "Peter_Strzok",
            "txt": "\u201cnot only indicative of a biased state of mind but, even more seriously, implies a willingness to take official action to impact the presidential candidate\u2019s electoral prospects.\u201d"
        }
    ],
    "triplet-uuid": "2a3fde8a-082a-4d8f-9567-f7e8366c0200",
    "uuid": "49633772-4f25-4048-8da1-09ed3fcab44a"
}