{
    "article-level-annotations": {
        "author_feeling_Trump": "neg",
        "author_feeling_birthright_citizenship": "pos",
        "author_feeling_main_event": "neg",
        "notes": "",
        "relative_stance": "center",
        "you_feeling_Trump": "neu",
        "you_feeling_birthright_citizenship": "neu"
    },
    "phrase-level-annotations": [
        {
            "aim": "dir",
            "bias": "inf",
            "end": 33,
            "id": "p2",
            "indirect-ally-opponent-sentiment": "",
            "indirect-target-name": "",
            "notes": "",
            "polarity": "neg",
            "quote": "yes",
            "speaker": "Trump",
            "start": 1,
            "target": "birthright_citizenship",
            "txt": "It\u2019s ridiculous. It\u2019s ridiculous"
        },
        {
            "aim": "dir",
            "bias": "inf",
            "end": 278,
            "id": "p1",
            "indirect-ally-opponent-sentiment": "",
            "indirect-target-name": "",
            "notes": "",
            "polarity": "neg",
            "quote": "no",
            "speaker": "",
            "start": 258,
            "target": "Trump",
            "txt": "making a false claim"
        },
        {
            "aim": "dir",
            "bias": "lex",
            "end": 14,
            "id": "p6",
            "indirect-ally-opponent-sentiment": "",
            "indirect-target-name": "",
            "notes": "",
            "polarity": "neg",
            "quote": "yes",
            "speaker": "other_neutral",
            "start": 5,
            "target": "Trump",
            "txt": "obviously"
        },
        {
            "aim": "dir",
            "bias": "lex",
            "end": 109,
            "id": "p5",
            "indirect-ally-opponent-sentiment": "",
            "indirect-target-name": "",
            "notes": "",
            "polarity": "neg",
            "quote": "no",
            "speaker": "",
            "start": 98,
            "target": "Trump",
            "txt": "\u201cobviously\u201d"
        },
        {
            "aim": "dir",
            "bias": "inf",
            "end": 292,
            "id": "p8",
            "indirect-ally-opponent-sentiment": "",
            "indirect-target-name": "",
            "notes": "",
            "polarity": "neg",
            "quote": "no",
            "speaker": "",
            "start": 231,
            "target": "Trump",
            "txt": "vociferously protested as a naked abuse of presidential power"
        },
        {
            "aim": "dir",
            "bias": "inf",
            "end": 223,
            "id": "p13",
            "indirect-ally-opponent-sentiment": "",
            "indirect-target-name": "",
            "notes": "",
            "polarity": "neg",
            "quote": "no",
            "speaker": "",
            "start": 148,
            "target": "Trump",
            "txt": "making other dramatic claims that appear to have no chance of materializing"
        },
        {
            "aim": "dir",
            "bias": "lex",
            "end": 144,
            "id": "p28",
            "indirect-ally-opponent-sentiment": "",
            "indirect-target-name": "",
            "notes": "",
            "polarity": "neg",
            "quote": "no",
            "speaker": "",
            "start": 123,
            "target": "Trump",
            "txt": "illegal and offensive"
        },
        {
            "aim": "dir",
            "bias": "lex",
            "end": 131,
            "id": "p27",
            "indirect-ally-opponent-sentiment": "",
            "indirect-target-name": "",
            "notes": "",
            "polarity": "neg",
            "quote": "yes",
            "speaker": "other_anti",
            "start": 112,
            "target": "Trump",
            "txt": "\u201cethnic cleansing.\u201d"
        },
        {
            "aim": "dir",
            "bias": "inf",
            "end": 209,
            "id": "p19",
            "indirect-ally-opponent-sentiment": "",
            "indirect-target-name": "",
            "notes": "",
            "polarity": "neg",
            "quote": "yes",
            "speaker": "other_anti",
            "start": 0,
            "target": "birthright_citizenship",
            "txt": "\u201cThe notion that simply being born within the geographical limits of the United States automatically confers U.S. citizenship is an absurdity \u2014 historically, constitutionally, philosophically and practically,\u201d"
        }
    ],
    "triplet-uuid": "f688c56d-7fae-42ef-b7f7-7db207b58d27",
    "uuid": "93ca4051-9fa9-44f5-94f5-75806088d83f"
}