{
    "article-level-annotations": {
        "author_feeling_Barack_Obama": "neu",
        "author_feeling_Donald_Trump": "neu",
        "author_feeling_main_event": "neu",
        "notes": "",
        "relative_stance": "center",
        "you_feeling_Barack_Obama": "neu",
        "you_feeling_Donald_Trump": "neu"
    },
    "phrase-level-annotations": [
        {
            "aim": "dir",
            "bias": "inf",
            "end": 68,
            "id": "p8",
            "indirect-ally-opponent-sentiment": "",
            "indirect-target-name": "",
            "notes": "",
            "polarity": "neg",
            "quote": "yes",
            "speaker": "Donald_Trump",
            "start": 0,
            "target": "Barack_Obama",
            "txt": "\"How come his own family doesn't know which hospital he was born in?"
        },
        {
            "aim": "dir",
            "bias": "inf",
            "end": 54,
            "id": "p28",
            "indirect-ally-opponent-sentiment": "",
            "indirect-target-name": "",
            "notes": "",
            "polarity": "neg",
            "quote": "yes",
            "speaker": "Donald_Trump",
            "start": 25,
            "target": "Barack_Obama",
            "txt": "this country is going to hell"
        },
        {
            "aim": "dir",
            "bias": "inf",
            "end": 73,
            "id": "p18",
            "indirect-ally-opponent-sentiment": "",
            "indirect-target-name": "",
            "notes": "",
            "polarity": "neg",
            "quote": "yes",
            "speaker": "Donald_Trump",
            "start": 29,
            "target": "Barack_Obama",
            "txt": "And they cannot believe what they're finding"
        },
        {
            "aim": "dir",
            "bias": "inf",
            "end": 77,
            "id": "p23",
            "indirect-ally-opponent-sentiment": "",
            "indirect-target-name": "",
            "notes": "paraphrase Trump",
            "polarity": "neg",
            "quote": "no",
            "speaker": "",
            "start": 0,
            "target": "Barack_Obama",
            "txt": "He accused Obama of carrying out a confusing policy on the civil war in Libya"
        },
        {
            "aim": "dir",
            "bias": "lex",
            "end": 30,
            "id": "p4",
            "indirect-ally-opponent-sentiment": "",
            "indirect-target-name": "",
            "notes": "they are surprised he's first",
            "polarity": "neg",
            "quote": "yes",
            "speaker": "other_neutral",
            "start": 20,
            "target": "Donald_Trump",
            "txt": "Strikingly"
        },
        {
            "aim": "dir",
            "bias": "inf",
            "end": 184,
            "id": "p21",
            "indirect-ally-opponent-sentiment": "",
            "indirect-target-name": "",
            "notes": "",
            "polarity": "neg",
            "quote": "yes",
            "speaker": "Donald_Trump",
            "start": 160,
            "target": "Barack_Obama",
            "txt": "\"a terrible presidency.\""
        }
    ],
    "triplet-uuid": "005a2961-0c2e-4575-8eec-770ba52a08e0",
    "uuid": "55b70267-66ec-4822-a139-ab582ef6faea"
}