{
    "article-level-annotations": {
        "author_feeling_Barack_Obama": "neu",
        "author_feeling_Donald_Trump": "neu",
        "author_feeling_main_event": "neu",
        "notes": "",
        "relative_stance": "center",
        "you_feeling_Barack_Obama": "neu",
        "you_feeling_Donald_Trump": "neu"
    },
    "pair-uuid": "005a2961-0c2e-4575-8eec-770ba52a08e0",
    "phrase-level-annotations": [
        {
            "aim": "dir",
            "bias": "lex",
            "end": 57,
            "id": "p0",
            "indirect-ally-opponent-sentiment": "",
            "indirect-target-name": "",
            "notes": "",
            "polarity": "neg",
            "quote": "no",
            "speaker": "",
            "start": 38,
            "target": "Donald_Trump",
            "txt": "conspiracy theories"
        },
        {
            "aim": "dir",
            "bias": "inf",
            "end": 48,
            "id": "p4",
            "indirect-ally-opponent-sentiment": "",
            "indirect-target-name": "",
            "notes": "",
            "polarity": "pos",
            "quote": "yes",
            "speaker": "other_pro",
            "start": 1,
            "target": "Donald_Trump",
            "txt": "I\u2019m honored to get the ability to meet with him"
        },
        {
            "aim": "dir",
            "bias": "inf",
            "end": 211,
            "id": "p7",
            "indirect-ally-opponent-sentiment": "",
            "indirect-target-name": "",
            "notes": "",
            "polarity": "neg",
            "quote": "no",
            "speaker": "",
            "start": 145,
            "target": "Donald_Trump",
            "txt": "including the Republican who was governor during the 2008 campaign"
        },
        {
            "aim": "dir",
            "bias": "inf",
            "end": 177,
            "id": "p2",
            "indirect-ally-opponent-sentiment": "",
            "indirect-target-name": "",
            "notes": "",
            "polarity": "neg",
            "quote": "no",
            "speaker": "",
            "start": 23,
            "target": "Donald_Trump",
            "txt": "the call from Mr. Trump on Wednesday came unexpectedly, and the group had spent much of the day Thursday scurrying to make travel arrangements to New York"
        },
        {
            "aim": "dir",
            "bias": "lex",
            "end": 108,
            "id": "p5",
            "indirect-ally-opponent-sentiment": "",
            "indirect-target-name": "",
            "notes": "sarcastic quotes",
            "polarity": "neg",
            "quote": "no",
            "speaker": "",
            "start": 95,
            "target": "Donald_Trump",
            "txt": "\u201creal doubts\u201d"
        },
        {
            "aim": "dir",
            "bias": "inf",
            "end": 120,
            "id": "p8",
            "indirect-ally-opponent-sentiment": "",
            "indirect-target-name": "",
            "notes": "",
            "polarity": "neg",
            "quote": "no",
            "speaker": "",
            "start": 0,
            "target": "Donald_Trump",
            "txt": "Several conservatives, including Glenn Beck and Bill O\u2019Reilly, have criticized Mr. Trump for raising questions about it."
        }
    ],
    "uuid": "3654ab65-221d-4503-9867-581904c346d5"
}