{
    "article-level-annotations": {
        "author_feeling_Joe_Arpaio": "neg",
        "author_feeling_Rick_Perry": "neu",
        "author_feeling_main_event": "neu",
        "notes": "",
        "relative_stance": "liberal",
        "you_feeling_Joe_Arpaio": "neu",
        "you_feeling_Rick_Perry": "neu"
    },
    "phrase-level-annotations": [
        {
            "aim": "dir",
            "bias": "inf",
            "end": 77,
            "id": "p9",
            "indirect-ally-opponent-sentiment": "",
            "indirect-target-name": "",
            "notes": "",
            "polarity": "neg",
            "quote": "no",
            "speaker": "",
            "start": 0,
            "target": "Rick_Perry",
            "txt": "At one point he suggested that those who opposed his position were heartless."
        },
        {
            "aim": "dir",
            "bias": "inf",
            "end": 180,
            "id": "p15",
            "indirect-ally-opponent-sentiment": "",
            "indirect-target-name": "",
            "notes": "",
            "polarity": "neg",
            "quote": "no",
            "speaker": "",
            "start": 0,
            "target": "Joe_Arpaio",
            "txt": "It was the first time in a generation, according to officials, that the federal government has filed suit to force a law enforcement agency to cooperate with such an investigation."
        },
        {
            "aim": "dir",
            "bias": "inf",
            "end": 347,
            "id": "p1",
            "indirect-ally-opponent-sentiment": "",
            "indirect-target-name": "",
            "notes": "",
            "polarity": "neg",
            "quote": "no",
            "speaker": "",
            "start": 295,
            "target": "Rick_Perry",
            "txt": "expelled from the country after an expedited hearing"
        },
        {
            "aim": "dir",
            "bias": "inf",
            "end": 252,
            "id": "p5",
            "indirect-ally-opponent-sentiment": "",
            "indirect-target-name": "",
            "notes": "",
            "polarity": "neg",
            "quote": "no",
            "speaker": "",
            "start": 183,
            "target": "Joe_Arpaio",
            "txt": "one of the nation\u2019s most outspoken and controversial public officials"
        },
        {
            "aim": "dir",
            "bias": "lex",
            "end": 329,
            "id": "p5",
            "indirect-ally-opponent-sentiment": "",
            "indirect-target-name": "",
            "notes": "",
            "polarity": "neg",
            "quote": "no",
            "speaker": "",
            "start": 318,
            "target": "Joe_Arpaio",
            "txt": "unabashedly"
        },
        {
            "aim": "dir",
            "bias": "lex",
            "end": 167,
            "id": "p10",
            "indirect-ally-opponent-sentiment": "",
            "indirect-target-name": "",
            "notes": "",
            "polarity": "neg",
            "quote": "no",
            "speaker": "",
            "start": 158,
            "target": "Rick_Perry",
            "txt": "abandoned"
        },
        {
            "aim": "dir",
            "bias": "inf",
            "end": 218,
            "id": "p14",
            "indirect-ally-opponent-sentiment": "",
            "indirect-target-name": "",
            "notes": "",
            "polarity": "neg",
            "quote": "no",
            "speaker": "",
            "start": 0,
            "target": "Joe_Arpaio",
            "txt": "Last year, the Justice Department filed a lawsuit against the sheriff for not cooperating with an investigation into whether the Maricopa County Sheriff\u2019s Department is systematically violating the rights of Hispanics."
        },
        {
            "aim": "dir",
            "bias": "inf",
            "end": 103,
            "id": "p17",
            "indirect-ally-opponent-sentiment": "",
            "indirect-target-name": "",
            "notes": "",
            "polarity": "neg",
            "quote": "no",
            "speaker": "",
            "start": 39,
            "target": "Joe_Arpaio",
            "txt": "forcing inmates to wear pink underwear and housing them in tents"
        }
    ],
    "triplet-uuid": "0ffb34cd-c367-4d90-aca7-7fcac3ed8f3d",
    "uuid": "735f7d37-c9da-4a58-b025-5db832e77192"
}