{
    "article-level-annotations": {
        "author_feeling_Joe_Arpaio": "neu",
        "author_feeling_Rick_Perry": "neu",
        "author_feeling_main_event": "neu",
        "notes": "",
        "relative_stance": "center",
        "you_feeling_Joe_Arpaio": "neu",
        "you_feeling_Rick_Perry": "neu"
    },
    "pair-uuid": "0ffb34cd-c367-4d90-aca7-7fcac3ed8f3d",
    "phrase-level-annotations": [
        {
            "aim": "dir",
            "bias": "lex",
            "end": 15,
            "id": "p1",
            "indirect-ally-opponent-sentiment": "",
            "indirect-target-name": "",
            "notes": "",
            "polarity": "neg",
            "quote": "no",
            "speaker": "",
            "start": 4,
            "target": "Joe_Arpaio",
            "txt": "self-titled"
        },
        {
            "aim": "dir",
            "bias": "inf",
            "end": 104,
            "id": "p3",
            "indirect-ally-opponent-sentiment": "",
            "indirect-target-name": "",
            "notes": "",
            "polarity": "pos",
            "quote": "yes",
            "speaker": "Joe_Arpaio",
            "start": 0,
            "target": "Rick_Perry",
            "txt": "\"Governor Perry has a superior border security record and plan to make our border and our nation safer.\""
        },
        {
            "aim": "dir",
            "bias": "inf",
            "end": 42,
            "id": "p1",
            "indirect-ally-opponent-sentiment": "",
            "indirect-target-name": "",
            "notes": "",
            "polarity": "neg",
            "quote": "no",
            "speaker": "",
            "start": 4,
            "target": "Joe_Arpaio",
            "txt": "self-titled America's Toughest Sheriff"
        },
        {
            "aim": "dir",
            "bias": "inf",
            "end": 294,
            "id": "p1",
            "indirect-ally-opponent-sentiment": "",
            "indirect-target-name": "",
            "notes": "",
            "polarity": "pos",
            "quote": "no",
            "speaker": "",
            "start": 190,
            "target": "Rick_Perry",
            "txt": "Perry has done more to combat illegal immigration along the U.S. border then any of the other candidates"
        },
        {
            "aim": "ind_general",
            "bias": "inf",
            "end": 115,
            "id": "p4",
            "indirect-ally-opponent-sentiment": "neg",
            "indirect-target-name": "Washington politicians",
            "notes": "",
            "polarity": "pos",
            "quote": "yes",
            "speaker": "Joe_Arpaio",
            "start": 57,
            "target": "Rick_Perry",
            "txt": "Washington politicians and bureaucrats fail time and again"
        },
        {
            "aim": "dir",
            "bias": "inf",
            "end": 54,
            "id": "p11",
            "indirect-ally-opponent-sentiment": "",
            "indirect-target-name": "",
            "notes": "",
            "polarity": "neg",
            "quote": "yes",
            "speaker": "other_anti",
            "start": 0,
            "target": "Rick_Perry",
            "txt": "\"You talk about magnets -- you put in place a magnet.\""
        }
    ],
    "uuid": "a0864cfa-e3cf-49b0-805a-87be7fa6b67e"
}