{
    "article-level-annotations": {
        "author_feeling_Barack_Obama": "neu",
        "author_feeling_Senate_Republicans": "neu",
        "author_feeling_main_event": "pos",
        "notes": "",
        "relative_stance": "liberal",
        "you_feeling_Barack_Obama": "neu",
        "you_feeling_Senate_Republicans": "neu"
    },
    "pair-uuid": "2153fb3e-6b09-410c-bfea-d095c49a54ba",
    "phrase-level-annotations": [
        {
            "aim": "dir",
            "bias": "inf",
            "end": 135,
            "id": "p9",
            "indirect-ally-opponent-sentiment": "",
            "indirect-target-name": "",
            "notes": "",
            "polarity": "neg",
            "quote": "yes",
            "speaker": "other_anti",
            "start": 29,
            "target": "Senate_Republicans",
            "txt": "the House should get busy with matters of great importance to the United States and to the American people"
        },
        {
            "aim": "dir",
            "bias": "lex",
            "end": 168,
            "id": "p10",
            "indirect-ally-opponent-sentiment": "",
            "indirect-target-name": "",
            "notes": "",
            "polarity": "neg",
            "quote": "no",
            "speaker": "",
            "start": 147,
            "target": "Senate_Republicans",
            "txt": "a do-nothing Congress"
        },
        {
            "aim": "dir",
            "bias": "inf",
            "end": 270,
            "id": "p15",
            "indirect-ally-opponent-sentiment": "",
            "indirect-target-name": "",
            "notes": "",
            "polarity": "neg",
            "quote": "yes",
            "speaker": "other_anti",
            "start": 0,
            "target": "Senate_Republicans",
            "txt": "\"Instead of facing these challenges and creating jobs to help American people make sure they have a roof over their head and food on their table, we are debating whether or not to affirm and proliferate a motto that was adopted in 1956 and is under no threat of attack,\""
        },
        {
            "aim": "dir",
            "bias": "inf",
            "end": 380,
            "id": "p20",
            "indirect-ally-opponent-sentiment": "",
            "indirect-target-name": "",
            "notes": "",
            "polarity": "neg",
            "quote": "yes",
            "speaker": "other_anti",
            "start": 179,
            "target": "Senate_Republicans",
            "txt": "the Republicans in Congress be so divorced from the reality that Americans are encountering every day that they would be debating matters wholly unrelated to the primary concerns of the American people"
        },
        {
            "aim": "ind_pro",
            "bias": "inf",
            "end": 88,
            "id": "p6",
            "indirect-ally-opponent-sentiment": "neg",
            "indirect-target-name": "Jay Carney",
            "notes": "",
            "polarity": "neg",
            "quote": "no",
            "speaker": "",
            "start": 0,
            "target": "Barack_Obama",
            "txt": "The phrase quoted by Carney is not in the Bible, though it is often mistaken as a verse."
        },
        {
            "aim": "dir",
            "bias": "inf",
            "end": 129,
            "id": "p8",
            "indirect-ally-opponent-sentiment": "",
            "indirect-target-name": "",
            "notes": "",
            "polarity": "neg",
            "quote": "yes",
            "speaker": "other_anti",
            "start": 89,
            "target": "Senate_Republicans",
            "txt": "inaction by the House of Representatives"
        },
        {
            "aim": "ind_pro",
            "bias": "inf",
            "end": 97,
            "id": "p11",
            "indirect-ally-opponent-sentiment": "neg",
            "indirect-target-name": "John Boehner",
            "notes": "",
            "polarity": "neg",
            "quote": "yes",
            "speaker": "Barack_Obama",
            "start": 0,
            "target": "Senate_Republicans",
            "txt": "\"What have you guys been debating, John? You've been debating a commemorative coin for baseball?\""
        }
    ],
    "uuid": "8b81b63a-ba3f-4d5e-9a73-079b1828c525"
}