{
    "article-level-annotations": {
        "author_feeling_Barack_Obama": "neu",
        "author_feeling_Rick_Perry": "neu",
        "author_feeling_main_event": "neu",
        "notes": "",
        "relative_stance": "center",
        "you_feeling_Barack_Obama": "neu",
        "you_feeling_Rick_Perry": "neu"
    },
    "pair-uuid": "3db93526-a344-4ea4-8772-3734d0cfdfb1",
    "phrase-level-annotations": [
        {
            "aim": "dir",
            "bias": "inf",
            "end": 64,
            "id": "p3",
            "indirect-ally-opponent-sentiment": "",
            "indirect-target-name": "",
            "notes": "",
            "polarity": "neg",
            "quote": "yes",
            "speaker": "Rick_Perry",
            "start": 23,
            "target": "Barack_Obama",
            "txt": "liberal attacks on our religious heritage"
        },
        {
            "aim": "dir",
            "bias": "inf",
            "end": 151,
            "id": "p6",
            "indirect-ally-opponent-sentiment": "",
            "indirect-target-name": "",
            "notes": "",
            "polarity": "neg",
            "quote": "no",
            "speaker": "",
            "start": 126,
            "target": "Rick_Perry",
            "txt": "less substantive examples"
        },
        {
            "aim": "dir",
            "bias": "inf",
            "end": 132,
            "id": "p7",
            "indirect-ally-opponent-sentiment": "",
            "indirect-target-name": "",
            "notes": "",
            "polarity": "neg",
            "quote": "yes",
            "speaker": "Rick_Perry",
            "start": 41,
            "target": "Barack_Obama",
            "txt": "just when you thought Barack Obama couldn't get any more out of touch with America's values"
        },
        {
            "aim": "dir",
            "bias": "inf",
            "end": 67,
            "id": "p8",
            "indirect-ally-opponent-sentiment": "",
            "indirect-target-name": "",
            "notes": "",
            "polarity": "neg",
            "quote": "yes",
            "speaker": "Rick_Perry",
            "start": 0,
            "target": "Barack_Obama",
            "txt": "This administration's war on traditional American values must stop."
        },
        {
            "aim": "dir",
            "bias": "inf",
            "end": 101,
            "id": "p9",
            "indirect-ally-opponent-sentiment": "",
            "indirect-target-name": "",
            "notes": "",
            "polarity": "neg",
            "quote": "yes",
            "speaker": "Rick_Perry",
            "start": 40,
            "target": "Barack_Obama",
            "txt": "an administration at war with people of faith in this country"
        },
        {
            "aim": "dir",
            "bias": "inf",
            "end": 105,
            "id": "p10",
            "indirect-ally-opponent-sentiment": "",
            "indirect-target-name": "",
            "notes": "",
            "polarity": "neg",
            "quote": "yes",
            "speaker": "Rick_Perry",
            "start": 0,
            "target": "Barack_Obama",
            "txt": "Investing tax dollars promoting a lifestyle many Americas of faith find so deeply objectionable is wrong."
        },
        {
            "aim": "dir",
            "bias": "inf",
            "end": 46,
            "id": "p2",
            "indirect-ally-opponent-sentiment": "",
            "indirect-target-name": "",
            "notes": "",
            "polarity": "neg",
            "quote": "yes",
            "speaker": "Rick_Perry",
            "start": 23,
            "target": "Barack_Obama",
            "txt": "Obama's war on religion"
        }
    ],
    "uuid": "ff34e76d-7a30-4136-97ff-3c65d5f963c8"
}