{
    "article-level-annotations": {
        "author_feeling_Barack_Obama": "neu",
        "author_feeling_Rick_Perry": "neu",
        "author_feeling_main_event": "neu",
        "notes": "",
        "relative_stance": "center",
        "you_feeling_Barack_Obama": "neu",
        "you_feeling_Rick_Perry": "neu"
    },
    "phrase-level-annotations": [
        {
            "aim": "dir",
            "bias": "lex",
            "end": 159,
            "id": "p0",
            "indirect-ally-opponent-sentiment": "",
            "indirect-target-name": "",
            "notes": "",
            "polarity": "neg",
            "quote": "no",
            "speaker": "",
            "start": 144,
            "target": "Rick_Perry",
            "txt": "railing against"
        },
        {
            "aim": "dir",
            "bias": "inf",
            "end": 47,
            "id": "p3",
            "indirect-ally-opponent-sentiment": "",
            "indirect-target-name": "",
            "notes": "",
            "polarity": "neg",
            "quote": "yes",
            "speaker": "Rick_Perry",
            "start": 24,
            "target": "Barack_Obama",
            "txt": "Obama's war on religion"
        },
        {
            "aim": "dir",
            "bias": "inf",
            "end": 112,
            "id": "p3",
            "indirect-ally-opponent-sentiment": "",
            "indirect-target-name": "",
            "notes": "",
            "polarity": "neg",
            "quote": "yes",
            "speaker": "Rick_Perry",
            "start": 71,
            "target": "Barack_Obama",
            "txt": "liberal attacks on our religious heritage"
        },
        {
            "aim": "dir",
            "bias": "inf",
            "end": 102,
            "id": "p7",
            "indirect-ally-opponent-sentiment": "",
            "indirect-target-name": "",
            "notes": "",
            "polarity": "neg",
            "quote": "yes",
            "speaker": "Rick_Perry",
            "start": 41,
            "target": "Barack_Obama",
            "txt": "an administration at war with people of faith in this country"
        },
        {
            "aim": "dir",
            "bias": "inf",
            "end": 106,
            "id": "p8",
            "indirect-ally-opponent-sentiment": "",
            "indirect-target-name": "",
            "notes": "",
            "polarity": "neg",
            "quote": "yes",
            "speaker": "Rick_Perry",
            "start": 0,
            "target": "Barack_Obama",
            "txt": "\"Investing tax dollars promoting a lifestyle many Americas of faith find so deeply objectionable is wrong."
        },
        {
            "aim": "dir",
            "bias": "inf",
            "end": 121,
            "id": "p9",
            "indirect-ally-opponent-sentiment": "",
            "indirect-target-name": "",
            "notes": "",
            "polarity": "neg",
            "quote": "yes",
            "speaker": "Rick_Perry",
            "start": 0,
            "target": "Barack_Obama",
            "txt": "President Obama has again mistaken America's tolerance for different lifestyles with an endorsement of those lifestyles.\""
        }
    ],
    "triplet-uuid": "3db93526-a344-4ea4-8772-3734d0cfdfb1",
    "uuid": "7003147b-4a87-41d8-8643-c410d2befd61"
}