{
    "article-level-annotations": {
        "author_feeling_Barack_Obama": "neu",
        "author_feeling_Rick_Perry": "neg",
        "author_feeling_main_event": "neg",
        "notes": "",
        "relative_stance": "liberal",
        "you_feeling_Barack_Obama": "neu",
        "you_feeling_Rick_Perry": "neu"
    },
    "phrase-level-annotations": [
        {
            "aim": "dir",
            "bias": "inf",
            "end": 209,
            "id": "p0",
            "indirect-ally-opponent-sentiment": "",
            "indirect-target-name": "",
            "notes": "",
            "polarity": "neg",
            "quote": "yes",
            "speaker": "Rick_Perry",
            "start": 183,
            "target": "Barack_Obama",
            "txt": "\u201cObama\u2019s war on religion,\u201d"
        },
        {
            "aim": "dir",
            "bias": "inf",
            "end": 47,
            "id": "p4",
            "indirect-ally-opponent-sentiment": "",
            "indirect-target-name": "",
            "notes": "",
            "polarity": "neg",
            "quote": "yes",
            "speaker": "Rick_Perry",
            "start": 24,
            "target": "Barack_Obama",
            "txt": "Obama\u2019s war on religion"
        },
        {
            "aim": "dir",
            "bias": "inf",
            "end": 65,
            "id": "p5",
            "indirect-ally-opponent-sentiment": "",
            "indirect-target-name": "",
            "notes": "",
            "polarity": "neg",
            "quote": "yes",
            "speaker": "Rick_Perry",
            "start": 24,
            "target": "Barack_Obama",
            "txt": "liberal attacks on our religious heritage"
        },
        {
            "aim": "dir",
            "bias": "inf",
            "end": 205,
            "id": "p7",
            "indirect-ally-opponent-sentiment": "",
            "indirect-target-name": "",
            "notes": "",
            "polarity": "neg",
            "quote": "yes",
            "speaker": "other_anti",
            "start": 104,
            "target": "Rick_Perry",
            "txt": "\u201cwrong for Governor Perry to assume being a person of faith does not afford one to support equality.\u201d"
        },
        {
            "aim": "dir",
            "bias": "inf",
            "end": 130,
            "id": "p8",
            "indirect-ally-opponent-sentiment": "",
            "indirect-target-name": "",
            "notes": "",
            "polarity": "neg",
            "quote": "yes",
            "speaker": "other_anti",
            "start": 109,
            "target": "Rick_Perry",
            "txt": "not theocrat-in-chief"
        },
        {
            "aim": "dir",
            "bias": "inf",
            "end": 121,
            "id": "p2",
            "indirect-ally-opponent-sentiment": "",
            "indirect-target-name": "",
            "notes": "",
            "polarity": "neg",
            "quote": "no",
            "speaker": "",
            "start": 84,
            "target": "Rick_Perry",
            "txt": "multimillion-dollar television budget"
        }
    ],
    "triplet-uuid": "3db93526-a344-4ea4-8772-3734d0cfdfb1",
    "uuid": "275aec12-0952-46f4-84d1-64815517fb93"
}