{
    "article-level-annotations": {
        "author_feeling_Michele_Bachmann": "neu",
        "author_feeling_Newsweek": "neg",
        "author_feeling_main_event": "neg",
        "notes": "talks about women's rights more",
        "relative_stance": "liberal",
        "you_feeling_Michele_Bachmann": "neu",
        "you_feeling_Newsweek": "neu"
    },
    "pair-uuid": "550b80db-bdd5-442b-8f70-c8e9f3203a13",
    "phrase-level-annotations": [
        {
            "aim": "dir",
            "bias": "inf",
            "end": 124,
            "id": "p1",
            "indirect-ally-opponent-sentiment": "",
            "indirect-target-name": "",
            "notes": "",
            "polarity": "neg",
            "quote": "yes",
            "speaker": "other_anti",
            "start": 116,
            "target": "Newsweek",
            "txt": "\"sexist\""
        },
        {
            "aim": "dir",
            "bias": "inf",
            "end": 43,
            "id": "p4",
            "indirect-ally-opponent-sentiment": "",
            "indirect-target-name": "",
            "notes": "",
            "polarity": "neg",
            "quote": "yes",
            "speaker": "other_anti",
            "start": 0,
            "target": "Newsweek",
            "txt": "They are basically casting her as a nut job"
        },
        {
            "aim": "dir",
            "bias": "inf",
            "end": 69,
            "id": "p6",
            "indirect-ally-opponent-sentiment": "",
            "indirect-target-name": "",
            "notes": "",
            "polarity": "neg",
            "quote": "yes",
            "speaker": "other_anti",
            "start": 0,
            "target": "Newsweek",
            "txt": "They didn\u2019t even do this to Howard Dean when he had his famous scream"
        },
        {
            "aim": "dir",
            "bias": "lex",
            "end": 180,
            "id": "p13",
            "indirect-ally-opponent-sentiment": "",
            "indirect-target-name": "",
            "notes": "",
            "polarity": "neg",
            "quote": "yes",
            "speaker": "other_anti",
            "start": 160,
            "target": "Newsweek",
            "txt": "misogynistic attacks"
        },
        {
            "aim": "dir",
            "bias": "inf",
            "end": 123,
            "id": "p15",
            "indirect-ally-opponent-sentiment": "",
            "indirect-target-name": "",
            "notes": "",
            "polarity": "neg",
            "quote": "yes",
            "speaker": "other_anti",
            "start": 0,
            "target": "Newsweek",
            "txt": "But good women will not run for office if Newsweek magazine can do this to such a prominent politician and get away with it"
        },
        {
            "aim": "dir",
            "bias": "inf",
            "end": 46,
            "id": "p2",
            "indirect-ally-opponent-sentiment": "",
            "indirect-target-name": "",
            "notes": "",
            "polarity": "neg",
            "quote": "yes",
            "speaker": "other_anti",
            "start": 0,
            "target": "Newsweek",
            "txt": "\"Who has ever called a man 'The King of Rage?'"
        },
        {
            "aim": "dir",
            "bias": "inf",
            "end": 82,
            "id": "p5",
            "indirect-ally-opponent-sentiment": "",
            "indirect-target-name": "",
            "notes": "",
            "polarity": "neg",
            "quote": "yes",
            "speaker": "other_anti",
            "start": 0,
            "target": "Newsweek",
            "txt": "\"The 'Queen of Rage' is something you apply to wrestlers or somebody who is crazy."
        },
        {
            "aim": "dir",
            "bias": "inf",
            "end": 87,
            "id": "p8",
            "indirect-ally-opponent-sentiment": "",
            "indirect-target-name": "",
            "notes": "chose to use unflattering photo as cover despite having better ones",
            "polarity": "neg",
            "quote": "no",
            "speaker": "",
            "start": 56,
            "target": "Newsweek",
            "txt": "and many of them are flattering"
        },
        {
            "aim": "ind_anti",
            "bias": "inf",
            "end": 96,
            "id": "p13",
            "indirect-ally-opponent-sentiment": "neu",
            "indirect-target-name": "Michele Bachmann",
            "notes": "",
            "polarity": "neg",
            "quote": "no",
            "speaker": "",
            "start": 45,
            "target": "Newsweek",
            "txt": "which disagrees with Bachmann on almost every issue"
        },
        {
            "aim": "dir",
            "bias": "inf",
            "end": 35,
            "id": "p18",
            "indirect-ally-opponent-sentiment": "",
            "indirect-target-name": "",
            "notes": "",
            "polarity": "neg",
            "quote": "yes",
            "speaker": "other_anti",
            "start": 0,
            "target": "Newsweek",
            "txt": "It is sheer journalistic dishonesty"
        }
    ],
    "uuid": "35501284-f1b2-4c26-bbdd-26bf61952f47"
}