{
    "article-level-annotations": {
        "author_feeling_AARP": "neu",
        "author_feeling_Barack_Obama": "neu",
        "author_feeling_Republicans": "neu",
        "author_feeling_main_event": "neu",
        "author_feeling_social_security": "pos",
        "notes": "",
        "relative_stance": "center",
        "you_feeling_AARP": "neu",
        "you_feeling_Barack_Obama": "neu",
        "you_feeling_Republicans": "neu",
        "you_feeling_social_security": "neu"
    },
    "pair-uuid": "576116e5-2b18-4d35-be73-36f5863c9468",
    "phrase-level-annotations": [
        {
            "aim": "dir",
            "bias": "lex",
            "end": 121,
            "id": "p35",
            "indirect-ally-opponent-sentiment": "",
            "indirect-target-name": "",
            "notes": "",
            "polarity": "neg",
            "quote": "no",
            "speaker": "",
            "start": 114,
            "target": "Republicans",
            "txt": "adamant"
        },
        {
            "aim": "dir",
            "bias": "lex",
            "end": 147,
            "id": "p35",
            "indirect-ally-opponent-sentiment": "",
            "indirect-target-name": "",
            "notes": "",
            "polarity": "neg",
            "quote": "no",
            "speaker": "",
            "start": 136,
            "target": "Republicans",
            "txt": "any sort of"
        },
        {
            "aim": "dir",
            "bias": "inf",
            "end": 27,
            "id": "p37",
            "indirect-ally-opponent-sentiment": "",
            "indirect-target-name": "",
            "notes": "",
            "polarity": "neg",
            "quote": "no",
            "speaker": "",
            "start": 0,
            "target": "Republicans",
            "txt": "That proposal went nowhere."
        },
        {
            "aim": "dir",
            "bias": "lex",
            "end": 66,
            "id": "p12",
            "indirect-ally-opponent-sentiment": "",
            "indirect-target-name": "",
            "notes": "",
            "polarity": "pos",
            "quote": "no",
            "speaker": "",
            "start": 60,
            "target": "AARP",
            "txt": "hailed"
        },
        {
            "aim": "dir",
            "bias": "inf",
            "end": 37,
            "id": "p19",
            "indirect-ally-opponent-sentiment": "",
            "indirect-target-name": "",
            "notes": "",
            "polarity": "neg",
            "quote": "yes",
            "speaker": "other_anti",
            "start": 0,
            "target": "AARP",
            "txt": "\"But they are walking backwards now.\""
        },
        {
            "aim": "dir",
            "bias": "lex",
            "end": 156,
            "id": "p21",
            "indirect-ally-opponent-sentiment": "",
            "indirect-target-name": "",
            "notes": "",
            "polarity": "neg",
            "quote": "no",
            "speaker": "",
            "start": 117,
            "target": "social_security",
            "txt": "too generous and therefore unaffordable"
        },
        {
            "aim": "dir",
            "bias": "inf",
            "end": 113,
            "id": "p26",
            "indirect-ally-opponent-sentiment": "",
            "indirect-target-name": "",
            "notes": "",
            "polarity": "pos",
            "quote": "no",
            "speaker": "",
            "start": 0,
            "target": "social_security",
            "txt": "Economists credit the program for drastically reducing poverty among the elderly since its creation in the 1930s."
        },
        {
            "aim": "dir",
            "bias": "inf",
            "end": 161,
            "id": "p27",
            "indirect-ally-opponent-sentiment": "",
            "indirect-target-name": "",
            "notes": "",
            "polarity": "pos",
            "quote": "no",
            "speaker": "",
            "start": 96,
            "target": "social_security",
            "txt": "Social Security keeps 13 million elderly Americans out of poverty"
        }
    ],
    "uuid": "db7cf1fb-24d7-4958-bbb3-8032723e0ee6"
}