{
    "article-level-annotations": {
        "author_feeling_AARP": "neu",
        "author_feeling_fiscal_conservatives": "neg",
        "author_feeling_main_event": "neu",
        "author_feeling_social_security": "neu",
        "notes": "",
        "relative_stance": "center",
        "you_feeling_AARP": "neu",
        "you_feeling_fiscal_conservatives": "neu",
        "you_feeling_social_security": "neu"
    },
    "pair-uuid": "576116e5-2b18-4d35-be73-36f5863c9468",
    "phrase-level-annotations": [
        {
            "aim": "dir",
            "bias": "lex",
            "end": 140,
            "id": "p1",
            "indirect-ally-opponent-sentiment": "",
            "indirect-target-name": "",
            "notes": "",
            "polarity": "neg",
            "quote": "no",
            "speaker": "",
            "start": 130,
            "target": "fiscal_conservatives",
            "txt": "ammunition"
        },
        {
            "aim": "dir",
            "bias": "lex",
            "end": 268,
            "id": "p1",
            "indirect-ally-opponent-sentiment": "",
            "indirect-target-name": "",
            "notes": "",
            "polarity": "neg",
            "quote": "no",
            "speaker": "",
            "start": 231,
            "target": "fiscal_conservatives",
            "txt": "chip away at the benefits it promises"
        },
        {
            "aim": "dir",
            "bias": "inf",
            "end": 163,
            "id": "p13",
            "indirect-ally-opponent-sentiment": "",
            "indirect-target-name": "",
            "notes": "",
            "polarity": "neg",
            "quote": "yes",
            "speaker": "other_neutral",
            "start": 0,
            "target": "AARP",
            "txt": "\u201cI think it\u2019s tragic that AARP would, wittingly or unwittingly, play into the hands of people who have never really liked Social Security and want to decimate it,\u201d"
        },
        {
            "aim": "dir",
            "bias": "inf",
            "end": 67,
            "id": "p14",
            "indirect-ally-opponent-sentiment": "",
            "indirect-target-name": "",
            "notes": "",
            "polarity": "neg",
            "quote": "yes",
            "speaker": "other_neutral",
            "start": 0,
            "target": "AARP",
            "txt": "\u201cAARP is the 800-pound gorilla, but they do not speak for seniors.\u201d"
        },
        {
            "aim": "dir",
            "bias": "lex",
            "end": 31,
            "id": "p0",
            "indirect-ally-opponent-sentiment": "",
            "indirect-target-name": "",
            "notes": "",
            "polarity": "pos",
            "quote": "no",
            "speaker": "",
            "start": 23,
            "target": "AARP",
            "txt": "powerful"
        },
        {
            "aim": "dir",
            "bias": "inf",
            "end": 285,
            "id": "p18",
            "indirect-ally-opponent-sentiment": "",
            "indirect-target-name": "",
            "notes": "",
            "polarity": "neg",
            "quote": "no",
            "speaker": "",
            "start": 185,
            "target": "social_security",
            "txt": "$6.5 trillion in additional money will be needed over a 75-year period to pay all scheduled benefits"
        },
        {
            "aim": "ind_pro",
            "bias": "inf",
            "end": 92,
            "id": "p25",
            "indirect-ally-opponent-sentiment": "neg",
            "indirect-target-name": "Barry Rand",
            "notes": "",
            "polarity": "neg",
            "quote": "no",
            "speaker": "",
            "start": 0,
            "target": "AARP",
            "txt": "While he did not directly address the question of possible cuts in benefits in his statement"
        }
    ],
    "uuid": "c5444cb5-e352-40cb-9d83-6735ff7eec64"
}