{
    "article-level-annotations": {
        "author_feeling_Democratic_Lawmakers": "neu",
        "author_feeling_Republican_Lawmakers": "neg",
        "author_feeling_Tea_Party": "neu",
        "author_feeling_U.S._Congress": "neu",
        "author_feeling_main_event": "neg",
        "notes": "",
        "relative_stance": "liberal",
        "you_feeling_Democratic_Lawmakers": "neu",
        "you_feeling_Republican_Lawmakers": "neu",
        "you_feeling_Tea_Party": "neu",
        "you_feeling_U.S._Congress": "neu"
    },
    "pair-uuid": "a28a0329-0887-42dc-bd3d-3bb4f8926757",
    "phrase-level-annotations": [
        {
            "aim": "dir",
            "bias": "inf",
            "end": 225,
            "id": "p17",
            "indirect-ally-opponent-sentiment": "",
            "indirect-target-name": "",
            "notes": "is this about Republicans?",
            "polarity": "neg",
            "quote": "yes",
            "speaker": "other_neutral",
            "start": 0,
            "target": "Republican_Lawmakers",
            "txt": "When one chamber of Congress is in session but not working, we the people still have to pay for members\u2019 salaries and expenses, and for their police protection, and for keeping their lights and phones and coffee machines on.\u201d"
        },
        {
            "aim": "dir",
            "bias": "inf",
            "end": 86,
            "id": "p20",
            "indirect-ally-opponent-sentiment": "",
            "indirect-target-name": "",
            "notes": "",
            "polarity": "pos",
            "quote": "yes",
            "speaker": "Republican_Lawmakers",
            "start": 0,
            "target": "Republican_Lawmakers",
            "txt": "\u201cThese new rules show that Republicans are serious about respecting the Constitution.\u201d"
        },
        {
            "aim": "dir",
            "bias": "lex",
            "end": 122,
            "id": "p7",
            "indirect-ally-opponent-sentiment": "",
            "indirect-target-name": "",
            "notes": "",
            "polarity": "neg",
            "quote": "no",
            "speaker": "",
            "start": 113,
            "target": "Tea_Party",
            "txt": "demanding"
        },
        {
            "aim": "dir",
            "bias": "inf",
            "end": 113,
            "id": "p11",
            "indirect-ally-opponent-sentiment": "",
            "indirect-target-name": "",
            "notes": "",
            "polarity": "neg",
            "quote": "yes",
            "speaker": "other_neutral",
            "start": 0,
            "target": "Republican_Lawmakers",
            "txt": "Under axiomatic legal precedent, virtually all congressional action is presumed valid anyway, at least initially."
        },
        {
            "aim": "dir",
            "bias": "inf",
            "end": 24,
            "id": "p13",
            "indirect-ally-opponent-sentiment": "",
            "indirect-target-name": "",
            "notes": "",
            "polarity": "neg",
            "quote": "yes",
            "speaker": "other_neutral",
            "start": 0,
            "target": "Republican_Lawmakers",
            "txt": "It is also quite obvious"
        },
        {
            "aim": "dir",
            "bias": "inf",
            "end": 131,
            "id": "p14",
            "indirect-ally-opponent-sentiment": "",
            "indirect-target-name": "",
            "notes": "",
            "polarity": "neg",
            "quote": "no",
            "speaker": "",
            "start": 0,
            "target": "Republican_Lawmakers",
            "txt": "According to Peter Keating at Vanity Fair, $1.1 million is the estimated cost of GOP plans to read the document on the House floor."
        }
    ],
    "uuid": "397c6aa0-f41a-4f34-942d-b9f81edbef56"
}